country,company_name,city,funding_amount,industry_tags,start_year,status,website,country_code
Belgium,FEST COFFEE MISSION SP. Z O.O.,KRAKOW,,,2022.0,,,
Belgium,KOON,Tongeren,,,2008.0,,,
Belgium,MAS,Bilzen-Hoeselt,,,2015.0,,,
Belgium,MPULS MENEN-WERVIK,Menen,,,1968.0,,,
Belgium,Nspire,Lummen,,,2011.0,,,
Belgium,R5,Dendermonde,,,2018.0,,,
Belgium,SELL,Kapellen,,,2006.0,,,
Belgium,UKBUM,Beveren-Kruibeke-Zwijndrecht,,,2022.0,,,
Belgium,kweu,Gent,,,2023.0,,,
Belgium,mpaktMasjien,Gent,,,2014.0,,,
Belgium,""" 'T ZEEPAARDJE-LE LIS'"" BTW GROEP",Hamme (Vl.),,,2010.0,,,
Belgium,""" 01-SERVICES """,Liège,,,2010.0,,,
Belgium,""" ACP Gray 83 "" sise rue Gray 83 à 1050 Ixelles",Ixelles,,,2020.0,,,
Belgium,""" ARJEPA """,Liège,,,2006.0,,,
Belgium,""" ASSOCIATES ENTREPRISES CONSULTANTS ACCOMPLISHMENT GROWTH "", en abrégé « AEC-AG »",Auderghem,,,1991.0,,,
Belgium,""" ASSOCIATION DES COPROPRIETAIRES DE LA RESIDENCE LOUIS BERTRAND, numéros 71/73"". sise à La Louvière, rue Louis Bertra",La Louvière,,,2015.0,,,
Belgium,""" Akontio """,Huy,,,2019.0,,,
Belgium,""" Andrew Thirion Aménagements et Design """,Houffalize,,,2025.0,,,
Belgium,""" ArtVan Consult """,Watermael-Boitsfort,,,2021.0,,,
Belgium,""" BAR DE JULE"" FOODTRUCK",Kapelle-op-den-Bos,,,2016.0,,,
Belgium,""" BATIMENTO """,Waremme,,,2010.0,,,
Belgium,""" BENEX """,Silly,,,2012.0,,,
Belgium,""" CB CERATIZIT BELGIUM """,Neupré,,,2010.0,,,
Belgium,""" COLLAM """,Deinze,,,2025.0,,,
Belgium,""" CONGO NOTRE MAISON """,Liège,,,2010.0,,,
Belgium,""" CONRAD F MANAGEMENT""",Antwerpen,,,2006.0,,,
Belgium,""" Cabinet Conseil LR s.p.r.l. """,Rixensart,,,2010.0,,,
Belgium,""" Citoyens sans Frontières """,Chaudfontaine,,,2010.0,,,
Belgium,""" DG LIMOUSINES""",Morlanwelz,,,2008.0,,,
Belgium,""" De Wolf - Durnez Ramen en Deuren""",Heist-op-den-Berg,,,2018.0,,,
Belgium,""" E.M.B.I. """,Sprimont,,,2010.0,,,
Belgium,""" E3P """,Visé,,,2021.0,,,
Belgium,""" ECO CLEANING SYSTEM SPRL """,Eupen,,,2010.0,,,
Belgium,""" Entre Nous "" Amis du Jumelage Jumet - Saint Junien",Charleroi,,,2013.0,,,
Belgium,""" Espoir """,Schaerbeek,,,1968.0,,,
Belgium,""" Francis SWINNEN Management """,Liège,,,2010.0,,,
Belgium,""" Fées toi m'aimes """,Liège,,,2010.0,,,
Belgium,""" G & F EVENTS""",Nivelles,,,2009.0,,,
Belgium,""" G.H. EPURATION """,Flémalle,,,2010.0,,,
Belgium,""" GDF Impact """,Woluwe-Saint-Pierre,,,2021.0,,,
Belgium,""" GDHL """,Waremme,,,2010.0,,,
Belgium,""" GO&BE """,Blégny,,,2010.0,,,
Belgium,""" Gilson """,Aywaille,,,2016.0,,,
Belgium,""" H & R""",Liège,,,2010.0,,,
Belgium,""" H+E """,Rebecq,,,2017.0,,,
Belgium,""" HG PRODUCTIONS """,Visé,,,2010.0,,,
Belgium,""" HOUDSTERMAATSCHAPPIJ LAURIERGRACHT "" DE BUFFEL""B.V.""",LEIDERDORP,,,2007.0,,,
Belgium,""" IMMO MIJA SOL """,Liège,,,2010.0,,,
Belgium,""" JM BUILDING """,Ittre,,,2008.0,,,
Belgium,""" JP DELHOUGNE Management """,Chaudfontaine,,,2010.0,,,
Bulgaria,""""" А ЕНД В КОНСУЛТ """" ООД",,,,2012.0,,,
Bulgaria,""""" А и С ТРАНСПОРТ """" ООД",,,,2012.0,,,
Bulgaria,""""" АВАНГАРД СТ """" ЕООД",област: Стара Загора,,,2012.0,,,
Bulgaria,""""" АГРОГРИЙН - КАЧАМАЧКОВА"""" ЕООД",,,,2016.0,,,
Bulgaria,""""" АИМ Къмършъл-85”"" ЕООД",,,,2015.0,,,
Bulgaria,""""" АЙ - ФРЕШ """" ООД",,,,2011.0,,,
Bulgaria,""""" АЛЕН - СПАС СОТИРОВ 2012"" ЕООД"" ЕООД",,,,2012.0,,,
Bulgaria,""""" АЛКА ГРУП """" ООД",,,,2012.0,,,
Bulgaria,""""" АМБУЛАТОРИЯ ЗА СПЕЦИАЛИЗИРАНА ИЗВЪНБОЛНИЧНА МЕДИЦИНСКА ПОМОЩ ПО ОЧНИ БОЛЕСТИ - ИНДИВИДУАЛНА ПРАКТИКА - Д-Р РАЙЧО АНДРЕЕВ - РЕФЛЕКТ"" ЕООД"" ЕООД",,,,,,,
Bulgaria,""""" АНГОВ 83 """" ЕООД",област: Хасково,,,2012.0,,,
Bulgaria,""""" АНЕТА ГЮНДЖИЕВА-2012 """" ЕООД",,,,2012.0,,,
Bulgaria,""""" АРБИТРАНС - АМГ """" ЕООД",,,,2012.0,,,
Bulgaria,""""" АСО ГАРАНТ """" ЕООД",област: София (столица),,,,,,
Bulgaria,""""" АТИВА- 80"""" ЕООД",,,,2013.0,,,
Bulgaria,""""" БАЛКАН ТРЕЙДАРС """" ЕООД",,,,2011.0,,,
Bulgaria,""""" БГ АВТОКЛУБ"""" ЕООД",,,,2015.0,,,
Bulgaria,""""" БГР СТРОЙ "" ЕООД"" ЕООД",,,,2008.0,,,
Bulgaria,""""" БЕБО - ВК """" ООД",,,,2011.0,,,
Bulgaria,""""" БЕСТ - ПАЙ """" ООД",,,,2010.0,,,
Bulgaria,""""" БИО ДИВАН """" ЕООД",,,,2011.0,,,
Bulgaria,""""" БЛЕК СИЙ СЪНРАЙЗ """" ЕООД",,,,2010.0,,,
Bulgaria,""""" БОБИ-РОС """" ЕООД",,,,2012.0,,,
Bulgaria,""""" БОДИВЕС """" ООД",,,,2012.0,,,
Bulgaria,""""" БОЖИДАР 1998 """" ЕООД",,,,2012.0,,,
Bulgaria,""""" БОРЕКС БИЛД"""" ЕООД",област: София,,,,,,
Bulgaria,""""" БРИГАДА ГРУП """" ООД",област: София (столица),,,2012.0,,,
Bulgaria,""""" БРК - КОСМЕТИКС """" ООД",област: София (столица),,,,,,
Bulgaria,""""" БУКВИЦА"" ЕООД"" ЕООД",област: София (столица),,,2011.0,,,
Bulgaria,""""" БЯЛА ВИСТА РИЗОРТ 8 """" ЕООД",,,,2014.0,,,
Bulgaria,""""" ВЕЛАМАКРИ """" ООД",,,,2008.0,,,
Bulgaria,""""" ВЕРИТА М """" ЕООД",,,,2010.0,,,
Bulgaria,""""" ВИНОС ДЖЕНЕРАЛ КОНТРАКТИНГ"""" ООД",област: София (столица),,,2012.0,,,
Bulgaria,""""" ВОСТОК """" ЕООД",,,,,,,
Bulgaria,""""" ВЮ-РА """" ЕООД",,,,2017.0,,,
Bulgaria,""""" ГАГО 98 """" ЕООД",област: Пловдив,,,2012.0,,,
Bulgaria,""""" ГЕКА ""ООД"" ООД",,,,,,,
Bulgaria,""""" ГЕО И МИЛ-ГЕОРГИЕВ И СИЕ """" СД",област: Стара Загора,,,,,,
Bulgaria,""""" ГЕОИНЖЕНЕРИНГ """" ЕООД",,,,,,,
Bulgaria,""""" ГЕОРГИ ДИШЛЯНОВ """" ЕООД",,,,2012.0,,,
Bulgaria,""""" ГЕОРГИОС РАСИМОГЛУ """" ЕООД",,,,2010.0,,,
Bulgaria,""""" ГЛОБЪЛ СОРС """" ООД",,,,2012.0,,,
Bulgaria,""""" ГРАЙФЕР ШПЕД """" ЕООД",,,,2012.0,,,
Bulgaria,""""" ГРУП СКМ """" ЕООД",област: София (столица),,,,,,
Bulgaria,""""" Гри Жас Клима """" ЕООД",област: Пловдив,,,2012.0,,,
Bulgaria,""""" Д Б ТРАНС-2012"""" ООД",,,,2012.0,,,
Bulgaria,""""" Д-р Силвия Атанасова Славова - Амбулатория за индивидуална практика за първична медицинска помощ """" ЕООД",област: Пловдив,,,2012.0,,,
Bulgaria,""""" ДАЛЕРИНА """" ЕООД",област: Хасково,,,2012.0,,,
Bulgaria,""""" ДАМ- ДАВ """" ЕООД",,,,2016.0,,,
Bulgaria,""""" ДАНДО """" ЕООД",,,,2011.0,,,
Bulgaria,""""" ДЕМИ - АН - ТРАНС """" ЕООД",,,,2012.0,,,
Croatia,""" Štorije """,,,,,,,
Croatia,""" ŽELJA UMA """,,,,,,,
Croatia,"""Antenor""",,,,,,,
Croatia,"""BASKET-GRADAC""",,,,,,,
Croatia,"""BIBI"" D.O.O. U LIKVIDACIJI",,,,,,,
Croatia,"""BONKULOVIĆI"" - KORČULA",,,,,,,
Croatia,"""BRESKORKA""",,,,,,,
Croatia,"""BVC""",,,,,,,
Croatia,"""DALONG""",,,,,,,
Croatia,"""DECOM""",,,,,,,
Croatia,"""DOMING""",,,,,,,
Croatia,"""DOSTOJAN ŽIVOT"" UDRUGA ZA ZAŠTITU LJUDSKIH PRAVA",,,,,,,
Croatia,"""DRAGO""",,,,,,,
Croatia,"""Dobri duh""- terapijsko, rekreacijsko i sportsko jahanje za osobe s posebnim potrebama",,,,,,,
Croatia,"""DraCon""- Dubrovačka cosplay organizacija",,,,,,,
Croatia,"""EKO FURKA""",,,,,,,
Croatia,"""EM-BEDER"" D.O.O. ŽEPČE",,,,,,,
Croatia,"""EURO LISICA"" d.o.o.",,,,,,,
Croatia,"""Ekipa""",,,,,,,
Croatia,"""FEREX"" d.o.o. u likvidaciji",,,,,,,
Croatia,"""GU"" BELJEVINA",,,,,,,
Croatia,"""HALILOVIĆ""",,,,,,,
Croatia,"""HOPE"" H.P.Ž.",,,,,,,
Croatia,"""HRVATSKI FENIKS"" SPLIT",,,,,,,
Croatia,"""HVIDR-a"" Požeško-slavonske županije",,,,,,,
Croatia,"""ICO-KOMERC"" D.O.O. U LIKVIDACIJI",,,,,,,
Croatia,"""INSTITUT ZA INDUSTRIJSKI RAZVOJ""",,,,,,,
Croatia,"""IRENET""",,,,,,,
Croatia,"""KAŠTELINA"" KAŠIĆ",,,,,,,
Croatia,"""KOPRIVICE SENJ""",,,,,,,
Croatia,"""KRASNICA"" BAKARAC",,,,,,,
Croatia,"""KRISTOV STOL"" MISIJSKA EUROPSKA INICIJATIVA",,,,,,,
Croatia,"""KRTEK""",,,,,,,
Croatia,"""KUĆA SUNCA""",,,,,,,
Croatia,"""LAMPICA""",,,,,,,
Croatia,"""M T A""",,,,,,,
Croatia,"""MALONOGOMETNI KLUB VODNJAN""",,,,,,,
Croatia,"""MARICOOP"" d.o.o. u likvidaciji",,,,,,,
Croatia,"""MEDICINSKA KONOPLJA,""",,,,,,,
Croatia,"""MLADI OPĆINE BRDOVEC""",,,,,,,
Croatia,"""NENO"" D.O.O. U LIKVIDACIJI",,,,,,,
Croatia,"""NOW EAST"" d.o.o. u likvidaciji",,,,,,,
Croatia,"""PAG-STARE UŽANCE""",,,,,,,
Croatia,"""PISCI TEATAR FILM""",,,,,,,
Croatia,"""POKRETOM DO CILJA""",,,,,,,
Croatia,"""Patriot""",,,,,,,
Croatia,"""RITAM ŽIVOTA"" SISAK",,,,,,,
Croatia,"""SINJSKA ALKA""",,,,,,,
Croatia,"""SPORTART""",,,,,,,
Croatia,"""Sveti Vid""",,,,,,,
Cyprus,""" L.I.T.A.T."" HOLDING CO LIMITED",,,,2005.0,,,
Cyprus,""" OH YES"" SNACKS LIMITED",,,,2001.0,,,
Cyprus,""" SURE IN "" INSURANCE AGENTS AND CONSULTANTS LTD",,,,1999.0,,,
Cyprus,""" THEODORA"" SERVICES LIMITED",,,,2008.0,,,
Cyprus,""" TOP TABLE "" RESTAURANTS LIMITED",,,,2000.0,,,
Cyprus,""" ΧΑΡΤΟΒΑΣΙΛΕΙΟ "" ΛΙΜΙΤΕΔ",,,,2002.0,,,
Cyprus,"""A & K PAPADOPOULLOS LEATHER AND SHOE SUPPLIERS LIMITED""",,,,1981.0,,,
Cyprus,"""A"" SPINE INVESTMENTS LIMITED",,,,2010.0,,,
Cyprus,"""A. & A. HOTELS LIMITED""",,,,1982.0,,,
Cyprus,"""A. & J.C. LIMITED""",,,,1977.0,,,
Cyprus,"""A. PILAVAKIS AND BROTHERS LIMITED""",,,,1980.0,,,
Cyprus,"""A.E.C. ASSOCIATED EUROPEAN CONSULTANCIES LIMITED""",,,,1980.0,,,
Cyprus,"""A.K."" EDIBLE OIL INDUSTRIES LIMITED",,,,1972.0,,,
Cyprus,"""A.S. AIR CONTROL LIMITED""",,,,1981.0,,,
Cyprus,"""A.S. ARTEMIS"" MARITIME COMPANY LIMITED",,,,1972.0,,,
Cyprus,"""A.S.P. BIOLOGIKOS COSMOS"" EMPORIUM LTD",,,,2008.0,,,
Cyprus,"""AB"" SPINE INVESTMENTS LIMITED",,,,2012.0,,,
Cyprus,"""ACTIVE LEBANON SECURITIES TRADING LIMITED""",,,,1983.0,,,
Cyprus,"""AD"" SPINE INVESTMENTS LIMITED",,,,2012.0,,,
Cyprus,"""ADELA ESTATES LIMITED""",,,,1980.0,,,
Cyprus,"""ADRIANAPOLIS CONSULTING AND CONSTRUCTION CO. LIMITED""",,,,1980.0,,,
Cyprus,"""ADSCORE MARKETING LIMITED""",,,,2007.0,,,
Cyprus,"""ADVANCE"" MEDICAL SUPPLIES LIMITED",,,,1986.0,,,
Cyprus,"""AKMAR COMPANY LIMITED""",,,,1981.0,,,
Cyprus,"""AKYELTHEA"" CONSTRUCTIONS LIMITED",,,,1993.0,,,
Cyprus,"""AL MANAR RESTAURANT LIMITED""",,,,1980.0,,,
Cyprus,"""AL MUKHTALIF"" FOR PRESS, PUBLICATION AND DISTRIBUTION LIMITED",,,,1990.0,,,
Cyprus,"""ALEXANDER"" LEASINGS (CYPRUS) LIMITED",,,,2007.0,,,
Cyprus,"""ALFA - SCAN SHIPPING CO LIMITED""",,,,1987.0,,,
Cyprus,"""ALFA"" ADVERTISING AGENCY LIMITED",,,,1992.0,,,
Cyprus,"""ALKANA"" PROPERTIES LIMITED",,,,1992.0,,,
Cyprus,"""ALPINE HOUSE"" DEVELOPERS LIMITED",,,,1982.0,,,
Cyprus,"""ALSOS"" ATHLETIC ΤALENT SCOUTS LIMITED",,,,2000.0,,,
Cyprus,"""ALUSWISSE ALUMINIUM LIMITED""",,,,1980.0,,,
Cyprus,"""AMER HOLDINGS LIMITED""",,,,1982.0,,,
Cyprus,"""AMOROSA"" WINE AND SPIRITS LIMITED",,,,1969.0,,,
Cyprus,"""AN-CLAIR"" - DEVELOPERS LIMITED",,,,1993.0,,,
Cyprus,"""AN-FI-PA"" LIMITED",,,,1993.0,,,
Cyprus,"""ANASTASIA"" MEDICAL CENTER LIMITED",,,,2002.0,,,
Cyprus,"""ANCHOR"" GENERAL SURVEYING & ASSESSING BUREAU LIMITED",,,,1969.0,,,
Cyprus,"""ANDAMA"" HOUSING COMPANY LIMITED",,,,1974.0,,,
Cyprus,"""ANDREAS & ZOE THEOCHARIDE "" HOLDINGS LIMITED",,,,2009.0,,,
Cyprus,"""ANDREAS & ZOE"" HOLDINGS LIMITED",,,,2009.0,,,
Cyprus,"""ANDREAS SOPHOCLIDES & CO. LIMITED""",,,,1980.0,,,
Cyprus,"""ANDREAS TSIGARIDES"" SUCCESORS HOLDINGS LIMITED",,,,2004.0,,,
Cyprus,"""ANDREAS Κ. CHRISTODOULOU & CO ENTERPRISES LTD""",,,,2011.0,,,
Cyprus,"""ANEMAYIA"" CARS, MOTORBIKES & BICYCLES RENTALS LIMITED",,,,2004.0,,,
Cyprus,"""ANGEL"" TOWER DISPENSERS COMPANY",,,,1967.0,,,
Cyprus,"""ANOTHER PLANET"" ENTERPRISES LIMITED",,,,2002.0,,,
Cyprus,"""ANTHOKIPOURIKI (CYPRUS) LIMITED""",,,,1977.0,,,
Czech Republic,1AIKIDOS na podporu práv občanů v ekonomické a sociální oblastio.s.,,,,2010.0,,,
Czech Republic,SOPEX - Sdružení Občanů Poškozených Exekucemi o.s.,,,,2010.0,,,
Czech Republic,"VAMOS, o.s.",,,,2007.0,,,
Czech Republic,""" 111 "" spol.s.r.o.",,,,1994.0,,,
Czech Republic,""" 2 K """,,,,1991.0,,,
Czech Republic,""" 2 K HOLZ, spol. s r.o. "" - v likvidaci",,,,1992.0,,,
Czech Republic,""" 2J "",spol. s r.o.",,,,1991.0,,,
Czech Republic,""" 3 AAA - spol. s r.o. "" v likvidaci",,,,1994.0,,,
Czech Republic,""" 3 RM "" spol. s r.o.",,,,1995.0,,,
Czech Republic,""" 42 "", s.r.o.",,,,1996.0,,,
Czech Republic,""" 99 """,,,,1991.0,,,
Czech Republic,""" A - Z ZBIROH, v.o.s.""",,,,1992.0,,,
Czech Republic,""" A B C K A Z E T O Š T U K A "" společnost s ručením omezeným (spol. s r.o.), v likvidaci",,,,1993.0,,,
Czech Republic,""" A B H "" spol. s r. o.",,,,1992.0,,,
Czech Republic,""" A C E , spol. s r.o. """,,,,1992.0,,,
Czech Republic,""" A L L E G R O "" s.r.o.",,,,1994.0,,,
Czech Republic,""" A L P s.r.o. """,,,,1994.0,,,
Czech Republic,""" A M P E K , společnost s ručením omezeným"" (spol. s r. o.) ""v likvidaci""",,,,1991.0,,,
Czech Republic,""" A N R O "" spol. s r.o. v likvidaci",,,,1996.0,,,
Czech Republic,""" A N T I K V A R E I N A R T "" veřejná obchodní společnost",,,,1990.0,,,
Czech Republic,""" A Q U A Komořany s.r.o. """,,,,1996.0,,,
Czech Republic,""" A Q U A P O L spol. s r.o. """,,,,1992.0,,,
Czech Republic,""" A R A "" spol. s r.o. - v likvidaci",,,,1992.0,,,
Czech Republic,""" A R C H I T E K T A """,,,,1991.0,,,
Czech Republic,""" A R E T """,,,,1991.0,,,
Czech Republic,""" A R M E X """,,,,1991.0,,,
Czech Republic,""" A S T R A "" výroba prádla a oděvů, společnost s ručením omezeným",,,,1992.0,,,
Czech Republic,""" A T E M II. Litvínov s.r.o. "" v likvidaci",,,,1994.0,,,
Czech Republic,""" A T R I X Opava "" , spol. s r. o.",,,,1993.0,,,
Czech Republic,""" A V A N S "" , družstvo pro obchod a služby v likvidaci",,,,1990.0,,,
Czech Republic,""" A uction House "", s.r.o.",,,,1996.0,,,
Czech Republic,""" A. Burger """,,,,1990.0,,,
Czech Republic,""" ABC MEDICA, spol. s r. o. "" - v likvidaci",,,,1991.0,,,
Czech Republic,""" ADAM """,,,,1991.0,,,
Czech Republic,""" ADB reality s.r.o. "", v likvidaci",,,,1993.0,,,
Czech Republic,""" ADENA, spol. s r.o """,,,,1992.0,,,
Czech Republic,""" ADM - TRADING SERVIS s r.o. "", v likvidaci",,,,1993.0,,,
Czech Republic,""" AG spol. s r.o. """,,,,1991.0,,,
Czech Republic,""" AGRONA-Z, spol. s r.o. "" v likvidaci",,,,1995.0,,,
Czech Republic,""" AKZ - Veřejná obchodní společnost """,,,,1991.0,,,
Czech Republic,""" AKÁT,veřejná obchodní společnost "" v likvidaci",,,,1991.0,,,
Czech Republic,""" ALFA GAME, společnost s ručením omezeným "", v likvidaci",,,,1993.0,,,
Czech Republic,""" ALLMOST spol. s r.o. """,,,,1994.0,,,
Czech Republic,""" AMETIST """,,,,1990.0,,,
Czech Republic,""" ANNA "" v. o. s. v likvidaci",,,,1990.0,,,
Czech Republic,""" ANTANA "" spol. s r.o. """,,,,1992.0,,,
Czech Republic,""" APATYKA SPOL. s r.o. """,,,,1995.0,,,
Czech Republic,""" APIS ET HERBA """,,,,1991.0,,,
Czech Republic,""" AQUA - PETRÁK """,,,,1990.0,,,
Czech Republic,""" AQUATERM - PLUS, s.r.o."" v likvidaci",,,,1993.0,,,
Denmark,Act A/S,Gentofte,,,2023.0,,,
Denmark,JUST Capital ApS,Risskov,,,2025.0,,,
Denmark,""" Føns strandkiosk""",Nørre Aaby,,,2013.0,,,
Denmark,""" Hvad hvis det bliver Et Hit Records""",København K,,,2002.0,,,
Denmark,""" Jun "" v/ Mia Jun Jacobsen",København N,,,2001.0,,,
Denmark,""" KLUBBEN """,Horsens,,,2009.0,,,
Denmark,""" LAC FINANS ApS """,Jyllinge,,,1988.0,,,
Denmark,""" La Brasserie "" v/Mehnet Dogan & Serkan Dogan",Helsingør,,,2003.0,,,
Denmark,""" RS 73 Annika "" v/Kim Lykke Petersen",Glesborg,,,2001.0,,,
Denmark,""" Sjøk´len """,Hvidovre,,,2010.0,,,
Denmark,""" Thats-Leif "" v.Leif Jacobsen",Ringe,,,2008.0,,,
Denmark,""" Top Cut "" v/Birgith Rye Lind",Espergærde,,,2007.0,,,
Denmark,""" gå tur venner"" Næstved",Næstved,,,2007.0,,,
Denmark,""" Øster Hestbæk Vikarservice"" v/ Ryan Nørmark Madsen",Struer,,,2013.0,,,
Denmark,"""...with a twist of lemon""",Tranbjerg J,,,2012.0,,,
Denmark,"""0104FS A/S""",Frederikssund,,,1990.0,,,
Denmark,"""300-vejens Rytterlaug""",Fredensborg,,,2007.0,,,
Denmark,"""3900 NUUK""",Nuuk,,,2016.0,,,
Denmark,"""4.A.-2009"" Rolighedsskolen",Thisted,,,2009.0,,,
Denmark,"""42"" four T Two JC v/Per H Sørensen",Espergærde,,,2001.0,,,
Denmark,"""47"" - ""Bills Pub""/ Conni Lykke Barrett",Odense C,,,2002.0,,,
Denmark,"""77"" v/Flemming Sørensen",Viborg,,,2004.0,,,
Denmark,"""7th Street"" No 2 ApS",København S,,,2025.0,,,
Denmark,"""A"" ApS",Solrød Strand,,,2005.0,,,
Denmark,"""A.P. PLEJEHJEMSSERVICE ApS""",Vestervig,,,1989.0,,,
Denmark,"""A/S KEHLET RADIO OG TV LEMVIG""",Lemvig,,,1989.0,,,
Denmark,"""A/S NR. 175335 W.N. ØRBÆK""",Ørbæk,,,1988.0,,,
Denmark,"""ADMINISTRATIONSSELSKABET AF 24.9.2002"" UNDER STIFTELSE",,,,2002.0,,,
Denmark,"""AFF-BYG v/Uldis Freibergs""",Hillerød,,,2013.0,,,
Denmark,"""AJA"" v/Dorthe Heilmann",Nuuk,,,2012.0,,,
Denmark,"""AKTIESELSKABET AF 23. JANUAR 1969""",Birkerød,,,1969.0,,,
Denmark,"""AKTIESELSKABET ESP AF 22. NOVEMBER 1989""",Hvidovre,,,1971.0,,,
Denmark,"""ALEXANDRA GROUP INTERNATIONAL LTD. ApS""",Randers C,,,1990.0,,,
Denmark,"""ALLCON ApS""",Vejle,,,1986.0,,,
Denmark,"""ANDREASSEN LINDEBALLE HOLDING ApS""",Gadbjerg,,,1997.0,,,
Denmark,"""ANPARTSSELSKABET SØNDAG 16.8.1987",Sønderborg,,,1976.0,,,
Denmark,"""ARNOLD THOMSEN A/S"" ESBJERG",Esbjerg Ø,,,1973.0,,,
Denmark,"""ARSEDA"" v/Arnas Urnikas",København NV,,,2007.0,,,
Denmark,"""Aalisartoq Joorut""",Ilulissat,,,1973.0,,,
Denmark,"""Aalisartoq"" Ole Zeeb",Ilulissat,,,2015.0,,,
Denmark,"""Adam"" v/Adam Skladanek",Hørsholm,,,2006.0,,,
Denmark,"""Adbud"" Malerfirmaet v/Adam Kazimierz Adamski",Farum,,,2009.0,,,
Denmark,"""Aggartuihoq""",Qaanaaq,,,2012.0,,,
Denmark,"""Aktuelt i Gl. Rye""",Ry,,,2006.0,,,
Denmark,"""Albers"" /Bianca Albers Verup",Vejle,,,1998.0,,,
Denmark,"""Alextomservice"" Firma Tjenester I/S",Aalborg,,,2008.0,,,
Denmark,"""Alloriarfik""",Upernavik,,,2008.0,,,
Denmark,"""Altid klar"" socialrådgivning.dk",Samsø,,,2011.0,,,
Denmark,"""Ammerivik""",Uummannaq,,,2005.0,,,
Denmark,"""Angajoraq""",Sisimiut,,,2004.0,,,
Finland, 0iva Aalto Oy,HELSINKI,,,2019.0,,,
Finland, Aarre Avustajat Oy,TURKU,,,2019.0,,,
Finland, Suomen Avustajapalvelut Oy,HELSINKI,,,2017.0,,,
Finland,Huippuhoiva Oy,VANTAA,,,2024.0,,,
Finland,noob Analytics Oy,,,,2008.0,,,
Finland,noob Digital Helsinki Oy,,,,2008.0,,,
Finland,noob Digital Tampere Oy,HELSINKI,,,2011.0,,,
Finland,noob Films Oy,HELSINKI,,,2011.0,,,
Finland,noob Hosting Oy,HELSINKI,,,2011.0,,,
Finland,noob Oy,HELSINKI,,,2006.0,,,
Finland,"""AMAHORO"" Toiminta Ruandan sovinnon puolesta ry",,,,2008.0,,,
Finland,"""Bailey Dairy Products Polska"" Spolka z ograniczona odpowied...",,,,,,,
Finland,"""Bo & Co"" T-Mi Boris Volkov",,,,1998.0,,,
Finland,"""Danila Master"" matkailu & palvelu",,,,2007.0,,,
Finland,"""ESTLITA"" UAB",,,,,,,
Finland,"""Farsons"" Kommandiittiyhtiö Gustav Lackman & Seth Lackman Kommanditbolag",,,,1978.0,,,
Finland,"""It"" Style",,,,2014.0,,,
Finland,"""Jarem"" Sp. zo.o",,,,,,,
Finland,"""K"" Line (Finland) Oy",HELSINKI,,,2004.0,,,
Finland,"""KUPPI NURIN""-KERAMIIKKAA",,,,2003.0,,,
Finland,"""Libi"" The Fund For Strengthening Israel'S Defence",,,,2000.0,,,
Finland,"""N"" Vision Oy",ESPOO,,,2017.0,,,
Finland,"""Prad"" Serwis Elektryczny Ryszard Nowak",,,,,,,
Finland,"""Quick Stitch""",,,,,,,
Finland,"""Sangiorgio Alessandro"" Suomen sivuliike",,,,2001.0,,,
Finland,"""Shanssi""",,,,2001.0,,,
Finland,"""Uusi"" Reinforced Oy",,,,,,,
Finland,"""WINTERHUR"" SCHWEIZERISCHE VERSICHERUNGS-GESELLSCHAFT",,,,2000.0,,,
Finland,"""Äs-sänääbil"" arabilaisen kulttuurin yhdistys",,,,2006.0,,,
Finland,& Two Words Oy,,,,2024.0,,,
Finland,(It's Not) Rocket Science Oy,HELSINKI,,,2019.0,,,
Finland,(Mc - Service Huolto center) Lillkvist Pehr-Johan,,,,1998.0,,,
Finland,(PARTURI-KAMPAAMO) MARJU KOSKIMIES tmi,,,,1998.0,,,
Finland,(Tmi) Lassi Kansikas,,,,2015.0,,,
Finland,(i show you) crazy Oy,ESPOO,,,2021.0,,,
Finland,+ Beauty Oy,,,,2014.0,,,
Finland,- ADA OY,HELSINKI,,,2022.0,,,
Finland,- tf - Autokiilto,,,,,,,
Finland,-BRÄNDÖVIK NÄTFABRIK OHLS & OHLS KOMMANDITBOLAG KONKURSBO,,,,,,,
Finland,-tf-STORE,,,,,,,
Finland,...'tanssi jatkuu'... Pelastakaa Ballerinat ry,,,,2015.0,,,
Finland,.UUROJEN TUKI R.Y.,,,,1978.0,,,
Finland,0&K Design Ky,,,,,,,
Finland,0-koodi Oy,HELSINKI,,,2017.0,,,
Finland,0.7 design,,,,2007.0,,,
Finland,0.7 design Oy,KEMIÖ,,,2014.0,,,
Finland,007 Kuljetus Oy,RAJAMÄKI,,,2003.0,,,
Finland,007Services Oy,SÄKYLÄ,,,2017.0,,,
Finland,007goldenNet,,,,2001.0,,,
Finland,009 Investment Oy,HÄMEENLINNA,,,2017.0,,,
France, HT NOUS ,PARIS 13,,,2003.0,,,
France, PRAGMAGICIELS,PERIGUEUX,,,2012.0,,,
France,TAMBOURS,VOIRON,,,2018.0,,,
France,FactureStar,Bordeaux,,,2025.0,,,
France,MPROMPTU,HOCHSTETT,,,2022.0,,,
France,""" 10 """,BELPECH,,,2002.0,,,
France,""" 1856 """,GRASSE,,,2014.0,,,
France,""" 2 HARD""",SAINT-PAUL-LES-DAX,,,2005.0,,,
France,""" 5 L M S""",GRANDE-SYNTHE,,,2011.0,,,
France,""" A COTE """,PARIS,,,2009.0,,,
France,""" A VOT' SERVICE""",CUISY-EN-ALMONT,,,2004.0,,,
France,""" A.RIGAUD """,GRASSE,,,2013.0,,,
France,""" AC PISCINE """,SAINT-GALMIER,,,2013.0,,,
France,""" ACCORD """,CARNAS,,,2009.0,,,
France,""" ANDREA """,Saint-Nazaire-les-Eymes,,,2025.0,,,
France,""" ARV "" AUTO REPARATIONS VEHICULES",DREUX,,,2005.0,,,
France,""" AS OPTIQUE """,OLORON-SAINTE-MARIE,,,2004.0,,,
France,""" ASSOCIATION COMMUNALE DE CHASSE DE DINGE """,DINGE,,,1973.0,,,
France,""" ASSOCIATION DE PARENTS D'ELEVES - BPR ( APE - BPR ) "" , LE SIGLE BPR SIGNIFIE "" BIENVEILLANCE , PARTICIPATION , RESPO",LE PETIT-QUEVILLY,,,2025.0,,,
France,""" AU PORCELET""",CLUSES,,,2003.0,,,
France,""" AUDE """,CHAMPFLEURY,,,2002.0,,,
France,""" AXE N12 IMMOBILIER """,BROUE,,,2004.0,,,
France,""" B+ """,TOURS,,,1993.0,,,
France,""" B.Y. CROSNE """,ROUEN,,,2002.0,,,
France,""" BADMINTON CLUB DE TALENSAC "" [B.C.T]",TALENSAC,,,1996.0,,,
France,""" BAR DE LA PLACE """,GATTIERES,,,2013.0,,,
France,""" BEDIRAPH """,CHARMONT-SOUS-BARBUISE,,,2002.0,,,
France,""" BURGER HOUSE """,Villeneuve-d'Ascq,,,2023.0,,,
France,""" CHEZ BROSSON """,CELLES-SUR-DUROLLE,,,2000.0,,,
France,""" CJB """,SAINT-PRIEST-EN-JAREZ,,,2014.0,,,
France,""" COMME UN ANGE""",BREST,,,2018.0,,,
France,""" COURTEFOIX """,GRAULHET,,,2002.0,,,
France,""" DE L'ENTRAIDE """,SINZOS,,,2004.0,,,
France,""" DE LA HALTE """,GATTIERES,,,2014.0,,,
France,""" DEVINE QUI VIENT DÉJEUNER """,Limours,,,2024.0,,,
France,""" DIAM'OR """,SAINT-AUBIN-DU-CORMIER,,,2005.0,,,
France,""" DU BOIS DE VILLERS""",VILLERS-SAINT-BARTHELEMY,,,2021.0,,,
France,""" DU VAL """,TOULOUSE,,,2002.0,,,
France,""" E L C """,VENDARGUES,,,2017.0,,,
France,""" E.M.A""",TAPONAS,,,2002.0,,,
France,""" E.P.M.T.""",ANNECY,,,2017.0,,,
France,""" EAUX DE L'OURCHE ET DU GRAND EST """,HENNEZEL,,,1991.0,,,
France,""" ET POURQUOI PAS ? """,VALAURIE,,,2011.0,,,
France,""" ETRE-LA EURE OUEST """,PONT-AUDEMER,,,2024.0,,,
France,""" EURL J.M.S."".",LE FERRE,,,2005.0,,,
France,""" F P S """,CUSTINES,,,2001.0,,,
France,""" F.D""",Cugnaux,,,2000.0,,,
France,""" FJC """,Le Quesnoy,,,2024.0,,,
France,""" FRITES ET SPORTS """,Raismes,,,2024.0,,,
France,""" GARAGE FABIEN PONS """,Aurillac,,,1982.0,,,
Germany,"   0.00-24.00H AB&AUFSCHLIEßDIENST - ""SCHLÜSSELNOTDIENST-ZENTRALE"" - A. Bauer e.K.",,,,,,,
Germany,"   Schloss u. Schlüsselnotdienst Tag u. Nacht Fa. Wülfken, Inh. Manfred Wülfken e.K.",,,,,,,
Germany,  0 - 0  ADLER Aufsperrdienst Schlüsseldienst Rohrreinigung 24 Std. Rufuml. n. Trudering e. K.,,,,,,,
Germany, - 0 - 24 Stunden Schlüsseldienst A.K. e.K.,,,,,,,
Germany, - 00.00 - 24.00 Uhr PP Peter Pintaske Türöffnung Tresoröffnung Autoöffnung Schlüsseldienst & Schlüsselnotdienst e.K.,,,,,,,
Germany, - 00.00 - 24.00 Uhr Schlüsseldienst & Schlüsselnotdienst Andreas Krause e.K.,,,,,,,
Germany, - 030 - 24 H Schlüsseldienst & Schlüsselnotdienst Klaus Schulze e.K.,,,,,,,
Germany," - Aalpha "" Schlüsseldienst & Schlüsselnotdienst 24 Std. e. K.",,,,,,,
Germany, 0 - 0  AAB Schlüsseldienst Absicherungen & Notdienst 24 h Rufuml. n. Weesen e.K.,,,,,,,
Germany, 0 - 0  AB & www.AUFSCHLIESSPROFI.de EINBRUCHSCHUTZ SCHLÜSSELDIENST & SCHLÜSSELNOTDIENST 0-24 H Rufweiterleitung e.K.,,,,,,,
Germany, 0 - 0  Schlüsseldienst Seibel Türöffnung Autoöffnung Vermittlung e.K.,,,,,,,
Germany, 0 - 0 h Schlüsseldienst günstiger Aufsperrdienst & PKW-Öffnung Schlüssel e.K.,,,,,,,
Germany, 0 - 24  Betz Schlüsseldienst Rohrreinigung Autoöffnung 24 H. Servicenummer e.K.,,,,,,,
Germany, 0 - 24 Uhr Abfluss NOTDIENST Klempner Sanitär Rohrbruch Heizung Weishaupt e.K.,,,,,,,
Germany, 0 - 24 h Sicherheitstechnik Schlüssel Schlüsseldienst für Haus Wohnung Auto e.K.,,,,,,,
Germany, 040 HAMBURGER SCHLUESSELDIENST SCHLOSS & SCHLUESSELNOTDIENST e. K.,,,,,,,
Germany, 089 Schlüsseldienst für München 24 Std. Aufsperrdienst KFZ-Öffnung e.K.,,,,,,,
Germany, 1 fix 3  Sofort und preiswert Notdienst e.K.,,,,,,,
Germany, Abenteuer Amour Gesellschaft mit beschränkter Haftung Agentur für amouröse Bildabenteuer in elektronischen Medien,,,,,,,
Germany, Abra Cadabra  Schlüsseldienst 24 Std. Schließanlagen Briefkastenanlagen e.K.,,,,,,,
Germany, EVO Online Marketing GmbH,,,,,,,
Germany, ResorT Baubetreuung GmbH,,,,,,,
Germany, ResorT Lizenz GmbH,,,,,,,
Germany, Soforthilfe  24 h Schlüsselnotdienst e. K.,,,,,,,
Germany, imPROsant  e.V.,,,,,,,
Germany, ´0 - 12´ - aller Art Schlüsseldienst Tag & Nacht Türöffnung F. Imling e.K.,,,,,,,
Germany, HELFT UNS HELFEN  Kinderhilfe ...e.V.,,,,,,,
Germany, Abflussfrei Pallas Abfluss- und Rohrreinigung Notdienst e.Kfm.,,,,,,,
Germany, Lecher GmbH,,,,,,,
Germany," O-Oh Schlüssel-, Schlüsseldienst Trautmann Tag & Nacht e.K.",,,,,,,
Germany,"O-Oh Schlüssel-, Schlüsseldienst, Schlüsselnotdienst Tag & Nacht e.K.",,,,,,,
Germany,"(ABC für Türen)  Drathjer e.K. Aufschließen, Abschließen, Absicherungen aller Art. Schlüsseldienst, Schlüsselnotdienst.",,,,,,,
Germany,"""(O-O h.)"" Allgemeiner Schlüsselnotdienst Tag & Nacht Absicherungsdienst & Einbruchschadenbe. & Schlösser aller Art Sicherheits-Technik e. K.",,,,,,,
Germany,-laar-und Kosmetikstudio Norbert Berkemeier GmbH,,,,,,,
Germany,0-24.h. aplus Schädlingsbekämpfung GmbH,,,,,,,
Germany,030-Arslan Schlüsseldienst e.K.,,,,,,,
Germany,A&C Gesellschaft für Mittelstandsberatung mbH. Auxilium et Consilium - Rat und Hilfe,,,,1997.0,,,
Germany,Bailamos - Die Dresdner Tango Galerie e.V.,,,,,,,
Germany,CC HANDELS GMBH. - Zweigniederlassung Frankfurt/ Main,,,,,,,
Germany,HEPP Höslinger Gesellschaft für Unternehmensimpulse mbH,,,,,,,
Germany,Hilde Hilft,,,,,,,
Germany,K7 Publishing GmbH,,,,,,,
Germany,M-Liner GmbH,,,,,,,
Germany,MIET MICH Motorradvermietung GmbH,,,,,,,
Germany,MONUMENT AG,,,,,,,
Germany,"Parkhaus PBV Verwaltungs-GmbH""",,,,,,,
Germany,Projekt-Prävention,,,,,,,
Germany,Purple Gastrobetriebs UG (haftungsbeschränkt),,,,2010.0,,,
Germany,ResorT Immobilien AG,,,,,,,
Greece,""" ''ΑΦΟΙ ΚΑΠΕΤΑ & ΣΙΑ Ο.Ε.''-''Α. ΠΕΪΤΣΗΣ- Ε. ΠΕΪΤΣΗ & ΣΙΑ Ο.Ε''. Ο.Ε.""",ΘΕΣΣΑΛΟΝΙΚΗΣ,,,2007.0,,,
Greece,""" 2-DOUBLE O.E.""",ΔΥΤΙΚΗΣ ΑΤΤΙΚΗΣ,,,2015.0,,,
Greece,""" ALFA - REISEN"" ΤΟΥΡΙΣΤΙΚΕΣ ΕΠΙΧΕΙΡΗΣΕΙΣ ΕΤΑΙΡΕΙΑ ΠΕΡΙΩΡΙΣΜΕΝΗΣ ΕΥΘΥΝΗΣ",ΗΡΑΚΛΕΙΟΥ,,,1992.0,,,
Greece,""" I. ΜΠΑΤΙΣΤΑΚΗΣ - Δ. ΚΟΥΚΟΥΒΙΝΟΥ ΟΕ """,ΑΤΤΙΚΗΣ,,,2010.0,,,
Greece,""" Α. ΛΑΖΑΡΙΔΗΣ - Ν. ΑΠΟΣΤΟΛΙΔΗΣ Ο.Ε. """,ΑΤΤΙΚΗΣ,,,2005.0,,,
Greece,""" Α. ΜΙΧΑΛΙΕΡΗΣ ΚΑΙ ΣΙΑ "" Ο.Ε.",ΦΛΩΡΙΝΑΣ,,,,,,
Greece,""" Α. ΨΟΥΝΟΠΟΥΛΟΣ Α.Τ.Ε.Β.Ε.""",ΚΟΖΑΝΗΣ,,,,,,
Greece,""" ΑΔΕΛΦΟΙ ΜΕΣΣΗΝΕΖΗ "" ΟΕ",,,,,,,
Greece,""" ΑΘ ΜΑΝΤΖΟΥ-ΟΛ ΠΑΠΑΝΙΚΟΛΑΟΥ Ο.Ε.""",ΔΥΤΙΚΗΣ ΑΤΤΙΚΗΣ,,,1993.0,,,
Greece,""" ΑΘΑΝΑΣΑΚΗ ΕΥΓ. & ΣΙΑ Ο.Ε""",ΠΕΙΡΑΙΑ,,,2009.0,,,
Greece,""" ΑΝΤ. ΓΑΒΡΙΛΗΣ ΚΑΙ ΣΙΑ Ε.Ε. """,ΑΤΤΙΚΗΣ,,,1989.0,,,
Greece,""" ΑΝΤΙΠΡΟΣΩΠΕΙΕΣ ΚΑΙ ΔΙΑΝΟΜΕΣ ΤΡΟΦΙΜΩΝ ΔΥΤΙΚΗΣ ΜΑΚΕΔΟΝΙΑΣ Α.Ε.""",ΚΟΖΑΝΗΣ,,,,,,
Greece,""" ΑΡΓΥΡΗΣ - ΜΑΓΚΑΣΙΑΝΟΣ Ο.Ε. """,ΑΤΤΙΚΗΣ,,,2014.0,,,
Greece,""" ΑΦΟΙ ΑΣΙΚΗ"" Ο.Ε.",ΦΛΩΡΙΝΑΣ,,,2006.0,,,
Greece,""" ΑΦΟΙ Γ. ΜΠΑΖΟΥΡΑΚΗ Ο.Ε.""",ΠΕΙΡΑΙΑ,,,,,,
Greece,""" ΑΦΟΙ ΜΑΥΡΟΜΑΤΙΔΗ"" Ε.Ε.",ΦΛΩΡΙΝΑΣ,,,2008.0,,,
Greece,""" Β. ΒΕΝΕΤΣΑΝΟΣ Ε.Ε. """,ΑΤΤΙΚΗΣ,,,2014.0,,,
Greece,""" Β. ΠΑΠΑΝΔΡΙΚΟΠΟΥΛΟΣ-ΔΗΜ.ΚΑΡΑΓΚΟΥΝΗΣ ΟΕ.""",,,,,,,
Greece,""" ΒΙΟΜΕΤΡΙΑ "" Γ. ΘΕΙΑΚΟΣ & ΣΙΑ ΟΕ",,,,,,,
Greece,""" ΒΛΑΧΑΚΗΣ ΕΥΑΓΓΕΛΟΣ-ΜΠΑΡΟΥΣ ΧΡΗΣΤΟΣ Ο.Ε.""",ΠΕΙΡΑΙΑ,,,,,,
Greece,""" Γ. & Π. ΟΙΚΟΝΟΜΟΥ Ο.Ε. """,ΠΕΙΡΑΙΑ,,,,,,
Greece,""" Γ. ΜΑΡΑΒΕΛΙΑΣ - Ν. ΧΡΥΣΑΦΙΤΗΣ Ο.Ε. """,ΠΕΙΡΑΙΑ,,,2015.0,,,
Greece,""" ΓΕΩΡΓΙΟΣ ΒΛΑΣΣΗΣ & ΥΙΟΣ "" ΟΕ",,,,,,,
Greece,""" Δ. ΛΑΜΠΡΙΝΑΚΟΥ -Ε.ΜΑΣΤΑΝΟΠΟΥΛΟΥ ΕΤΑΙΡΕΙΑ ΠΕΡΙΟΡΙΣΜΕΝΗΣ ΕΥΘΥΝΗΣ ΑΣΦΑΛΙΣΤΙΚΗΣ ΠΡΑΚΤΟΡΕΥΣΗΣ ΚΑΙ ΣΥΝΤΟΝΙΣΜΟΥ ΑΣΦΑΛΙΣΤΙΚΩΝ ΣΥΜΒΟΥΛΩΝ""",ΠΕΙΡΑΙΑ,,,2010.0,,,
Greece,""" ΔΗΜΗΤΡΟΠΟΥΛΟΣ ΓΕΩΡΓΙΟΣ ΚΑΙ ΣΙΑ ΟΕ """"DIMITROPOULOS GEORGIOS KAI SΙΑ IA OE""",ΑΤΤΙΚΗΣ,,,2013.0,,,
Greece,""" ΕΜΜ.ΜΑΝΩΛΑΚΗΣ & ΣΙΑ "" ΕΕ",,,,,,,
Greece,""" ΕΜΜΑΝΟΥΗΛ ΑΛΙΦΡΑΓΚΗΣ και ΣΙΑ Ε.Ε.""",ΠΕΙΡΑΙΑ,,,,,,
Greece,""" ΕΝΩΣΗ ΠΑΝΤΟΠΩΛΩΝ ΦΛΩΡΙΝΑΣ "" Ε.Π.Ε",ΦΛΩΡΙΝΑΣ,,,,,,
Greece,""" ΕΥΣΤΡΑΤΙΟΣ ΜΑΚΡΥΩΝΙΤΗΣ & ΣΙΑ "" ΟΕ",,,,,,,
Greece,""" ΘΕΣΣΑΛΙΚΗ ΥΠΗΡΕΣΙΩΝ & ΕΠΕΝΔΥΣΕΩΝ ΜΟΝΟΠΡΟΣΩΠΗ ΕΤΑΙΡΙΑ ΠΕΡΙΟΡΙΣΜΕΝΗΣ ΕΥΘΥΝΗΣ """,ΤΡΙΚΑΛΩΝ,,,2012.0,,,
Greece,""" Κ. Α. ΠΑΓΩΝΗΣ ΚΑΙ ΣΙΑ Ε.Ε. """,ΑΤΤΙΚΗΣ,,,1965.0,,,
Greece,""" Κ. ΠΕΠΠΑΣ-Π. ΣΤΡΑΙΤΟΥΡΗΣ Ο.Ε.",ΔΥΤΙΚΗΣ ΑΤΤΙΚΗΣ,,,,,,
Greece,""" Κ.ΛΙΑΠΑΚΗΣ - Ε. ΚΥΡΚΟΥ Ο.Ε.""",ΙΩΑΝΝΙΝΩΝ,,,,,,
Greece,""" ΚΕΝΤΡΑ ΞΕΝΩΝ ΓΛΩΣΣΩΝ Γ. ΣΙΟΤΡΟΠΟΥ - Α. ΒΑΣΙΛΑΚΗ - Μ. ΧΡΥΣΟΧΟΙΔΗΣ ΚΑΙ ΣΙΑ ΕΕ""",ΑΤΤΙΚΗΣ,,,1989.0,,,
Greece,""" ΚΩΝ. ΜΠΟΥΡΔΑΚΟΣ - ΑΝΤ. ΠΟΡΙΧΗΣ Ο.Ε""",ΑΤΤΙΚΗΣ,,,,,,
Greece,""" ΚΩΝΣΤΑΝΤΙΝΟΣ ΒΡΑΧΝΑΣ ΚΑΙ ΣΙΑ Ο.Ε. """,ΑΤΤΙΚΗΣ,,,1978.0,,,
Greece,""" ΜΑΡΙΑ ΔΑΜΙΓΟΥ - ΧΡΥΣΟΥΛΑ ΔΗΜΟΥ Ο.Ε. """,ΑΤΤΙΚΗΣ,,,2014.0,,,
Greece,""" ΜΑΡΙΝΟΣ ΑΘΑΝΑΣΙΟΥ ΚΑΙ ΣΙΑ Ε.Ε. """,ΑΤΤΙΚΗΣ,,,2014.0,,,
Greece,""" ΝΟΒΑΣ ΣΤΑΥΡΟΣ- ΜΑΣΙΩΤΗ ΑΡΕΤΗ "" ΟΕ",ΦΛΩΡΙΝΑΣ,,,2006.0,,,
Greece,""" ΞΕΝΟΣ Θ. ΚΟΥΜΑΝΤΑΡΟΣ Η. Ο.Ε""",ΠΕΙΡΑΙΑ,,,2006.0,,,
Greece,""" Π. ΣΤΑΘΟΠΟΥΛΟΣ -Χ. ΚΛΕΩΝΑΚΟΣ Ο.Ε""",ΠΕΙΡΑΙΑ,,,2008.0,,,
Greece,""" ΠΑΠΑΝΙΚΟΛΑΟΥ Ε. - ΒΗΧΟΥ Χ. ΕΠΙΧΕΙΡΗΣΗ ΛΙΑΝΙΚΗΣ & ΧΟΝΔΡΙΚΗΣ ΔΙΑΘΕΣΗΣ ΤΡΟΦΙΜΩΝ ΚΑΙ ΠΟΤΩΝ ΚΕΙ ΕΠΙΧΕΙΡΗΣΗ ΜΑΖΙΚΗΣ ΕΣΤΙΑΣΗΣ ΠΡΟΧΕΙΡΟΥ ΓΕΥΜΑΤΟΣ Ο.Ε. """,ΑΤΤΙΚΗΣ,,,2015.0,,,
Greece,""" ΠΑΡΑΔΕΙΣΗΣ Ν. & ΣΙΑ Ο.Ε.""",ΑΤΤΙΚΗΣ,,,2013.0,,,
Greece,""" ΠΡΟΜΕΤ "" ΟΕ Β ΣΤΡΑΓΑΛΗΣ & ΣΙΑ",,,,,,,
Greece,""" Πελίγκος Α. & Σία "" Ε.Ε.",ΤΡΙΚΑΛΩΝ,,,1982.0,,,
Greece,""" ΡΟΥΣΣΟΣ ΚΩΝ/ΝΟΣ & ΣΙΑ "" ΟΕ",,,,,,,
Greece,""" ΣΚΥΔΡΑ FRUIT ΑΝΩΝΥΜΗ ΕΤΑΙΡΙΑ""",ΠΕΛΛΗΣ,,,2015.0,,,
Greece,""" ΣΥΣΤΕΓΑΣΜΕΝΑ ΦΑΡΜΑΚΕΙΑ ΠΑΝΑΓΙΩΤΗ Γ. ΚΑΡΤΕΡΟΛΙΩΤΗ-ΓΕΩΡΓΙΟΥ Π. ΚΑΡΤΕΡΟΛΙΩΤΗ Ο.Ε.""",ΜΕΣΣΗΝΙΑΣ,,,2018.0,,,
Greece,""" ΤΕΡΙΑΚΙΔΗ ΟΥΡΑΝΙΑ & ΣΙΑ "" ΟΕ",,,,,,,
Greece,""" ΤΕΤΡΑΣ - ΕΜΠΟΡΙΚΕΣ, ΒΙΟΤΕΧΝΙΚΕΣ, ΒΙΟΜΗΧΑΝΙΚΕΣ ΚΑΙ ΤΟΥΡΙΣΤΙΚΕΣ ΕΠΙΧΕΙΡΗΣΕΙΣ - ΕΤΑΙΡΕΙΑ ΠΕΡΙΩΡΙΣΜΕΝΗΣ ΕΥΘΥΝΗΣ (Ε.Π.Ε.)""",ΑΤΤΙΚΗΣ,,,1988.0,,,
Ireland,METTLE INTERNATIONAL LIMITED,,,,1998.0,,,
Ireland,""" DIAL A DRINK "" LIMITED",,,,1999.0,,,
Ireland,""" SUPREMO RECORDINGS LIMITED """,,,,1998.0,,,
Ireland,"""98"" BAR LIMITED",,,,,,,
Ireland,"""A"" GUARD SECURITY SCREENS LIMITED",,,,2002.0,,,
Ireland,"""A"" TRANSPORT LIMITED",,,,1952.0,,,
Ireland,"""AMP"" LE LIGHTS LIMITED",,,,2012.0,,,
Ireland,"""ASGARD"" RESIDENTS COMPANY LIMITED BY GUARANTEE",,,,1995.0,,,
Ireland,"""B.N.B."" WIRELESS LIMITED",,,,1926.0,,,
Ireland,"""BEAR"" COAL CORPORATION LIMITED",,,,1996.0,,,
Ireland,"""BLANCHE""",,,,1979.0,,,
Ireland,"""CALL OF THE WILD"" OUTDOOR ACTIVITIES LIMITED",,,,1988.0,,,
Ireland,"""CHARTRIER""",,,,1980.0,,,
Ireland,"""CLEAN AND SHEEN"" CONTRACT CLEANING LIMITED",,,,2001.0,,,
Ireland,"""COMPANY DIRECTOR"" MAGAZINES LIMITED",,,,1987.0,,,
Ireland,"""CORONA"", LIMITED",,,,,,,
Ireland,"""CROSS-GATE"" SHALLOWDRAUGHT, LIMITED TO PRO",,,,,,,
Ireland,"""CUMANN MUINTIR REDESDALE TEORANTA"" (REDESDALE RESIDENTS ASSOCIATION LIMITED).",,,,1955.0,,,
Ireland,"""CUTS & COLOURS"" LIMITED",,,,2001.0,,,
Ireland,"""CÁIRDEAS"" KILMOVEE FAMILY RESOURCE CENTRE COMPANY LIMITED BY GUARANTEE",,,,2006.0,,,
Ireland,"""DUBLIN OPINION"" LIMITED",,,,,,,
Ireland,"""EL-MANAR"" ENTERPRISE FOR HALAL MEATS LIMITED",,,,1994.0,,,
Ireland,"""EMERALD-MEDIA"" LIMITED",,,,1990.0,,,
Ireland,"""EXPERT EDGE COMPUTER SYSTEMS LIMITED""",,,,1986.0,,,
Ireland,"""EXPOSURE"" FILM AND VIDEO PRODUCTIONS LIMITED",,,,1989.0,,,
Ireland,"""FINANCIAL & REAL-ESTATE INVESTMENT CORPORATION LIMITED""",,,,1990.0,,,
Ireland,"""FORTUNE'S FORTUNE"" FILMS LIMITED",,,,,,,
Ireland,"""FREE"" MENTAL HEALTH CAMPAIGN LIMITED",,,,2008.0,,,
Ireland,"""FRESH FOR YOU"" LIMITED",,,,1980.0,,,
Ireland,"""GARDEN IRELAND"" THE VERY BEST OF IRISH GARDEN PRODUCTS LIMITED",,,,2001.0,,,
Ireland,"""GLEN ABHAINN"" PHASE 2 MANAGEMENT COMPANY LIMITED",,,,2005.0,,,
Ireland,"""GO TO"" COMPUTER CENTRE LIMITED",,,,1990.0,,,
Ireland,"""GREENACRES"" (ARKLOW) LIMITED",,,,1989.0,,,
Ireland,"""HAYDEN MEDIA PRODUCTIONS LIMITED""",,,,1986.0,,,
Ireland,"""HINDU CULTURAL CENTRE (IRELAND)"" COMPANY LIMITED BY GUARANTEE",,,,2007.0,,,
Ireland,"""IRBEL""BELGO-IRISH HORSEMEAT CORPORATION LIMITED",,,,,,,
Ireland,"""IRISH GENEALOGY LIMITED""",,,,1993.0,,,
Ireland,"""IRISH MANAGEMENT INSTITUTE"" (FORAS BAINISTIOCHTA NA H-EIREANN)",,,,1954.0,,,
Ireland,"""IRISH TRUTH"" COMPANY LIMITED TO PRO",,,,,,,
Ireland,"""IRISH WHEELMAN"" PRINTING AND PUBLISHING COMPANY LIMITED",,,,1923.0,,,
Ireland,"""JEANETTE"" FUTURES BROKERS (IRELAND) LIMITED",,,,1991.0,,,
Ireland,"""K"" CONSULTING LIMITED",,,,1997.0,,,
Ireland,"""K"" ESTATES LIMITED",,,,1971.0,,,
Ireland,"""K"" SHOES LIMITED",,,,1946.0,,,
Ireland,"""KIMSEY""",,,,1979.0,,,
Ireland,"""KONDOPOGABUMPROM"" NEWSPRINT PAPER LIMITED",,,,1991.0,,,
Ireland,"""KRUSTY NONE"" CATERING COMPANY LIMITED",,,,2000.0,,,
Ireland,"""LECALE ASSOCIATES LIMITED""",,,,1997.0,,,
Ireland,"""LES TAPISSERIES D'ART D'AUBUSSON"" LIMITED",,,,1990.0,,,
Ireland,"""LIFE WATER"" CHURCH LIMITED",,,,1999.0,,,
Latvia,"""""Auzulejas"" Horse Sport Park""",,,,2023.0,,,
Latvia,"""""BHAKTI JOGA"" LIEPĀJAS DRAUDZE""",,,,2000.0,,,
Latvia,"""""BIRZĪTES"" - 10""",,,,2016.0,,,
Latvia,"""""CENTRS"" KRISTĪNES LAPIŅAS BIROJS"" IK",,,,2003.0,,,
Latvia,"""""CENTRUS"" Dzīvokļu īpašnieku biedrība""",,,,2015.0,,,
Latvia,"""""DRAUDZE ""TALSU KRISTĪGĀ SADRAUDZĪBA""""",,,,2003.0,,,
Latvia,"""""Dadža"" pārliekamais sienas kalendārs 1992.gadam""",,,,1991.0,,,
Latvia,"""""DanceSTAR"", balles deju studija""",,,,2011.0,,,
Latvia,"""""Dzēses"" tautas deju klubs""",,,,2011.0,,,
Latvia,"""""EKSPRESS"" RIŽSKIJ DOROŽNIJ ŽURNAL""",,,,2000.0,,,
Latvia,"""""GENESIS""-LABU LIETU SĀKUMS""",,,,2004.0,,,
Latvia,"""""Jaunceltnes"" māja Cempos""",,,,2011.0,,,
Latvia,"""""JĒZUS KRISTUS ATKALNĀKŠANAS"" BALVU BAPTISTU DRAUDZE""",,,,2000.0,,,
Latvia,"""""KAULIŅU"" ATTĪSTĪBAS BIEDRĪBA""",,,,2008.0,,,
Latvia,"""""LexisLab"" valodu laboratorija"" IK",,,,2025.0,,,
Latvia,"""""Mieram tuvu"" Solidaritātes fonds""",,,,2006.0,,,
Latvia,"""""Nano SEC"" kartinga komanda""",,,,2007.0,,,
Latvia,"""""Ozolzīle"" Apes izglītības attīstībai""",,,,2012.0,,,
Latvia,"""""SORIG"" Meditācijas un dziedniecības centrs""",,,,2007.0,,,
Latvia,"""""Smaidiņš"" fonds bērnu attīstībai un izglītībai""",,,,2010.0,,,
Latvia,"""""United Animal Care"" fonds""",,,,2021.0,,,
Latvia,"""""Ķer un servē bumbu"" Ogres novada ""Salamandras""""",,,,2024.0,,,
Latvia,"""0 1 Kalna8"" SIA",,,,2017.0,,,
Latvia,"""0 FORTŪNA"" SIA",,,,2019.0,,,
Latvia,"""1 1 A SOLLERTIA"" SIA",,,,2009.0,,,
Latvia,"""1 Dollar Mission Fonds""",,,,2014.0,,,
Latvia,"""1, 2, 3 - Sākam"" SIA",,,,2017.0,,,
Latvia,"""1. Akords""",,,,2010.0,,,
Latvia,"""1.Maija iela 3""",,,,2018.0,,,
Latvia,"""1.bulvāris"" IK",,,,2006.0,,,
Latvia,"""10 PPM"" SIA",,,,2015.0,,,
Latvia,"""100 labie darbi""",,,,2009.0,,,
Latvia,"""1000 sekretov""",,,,2022.0,,,
Latvia,"""1001 krossvord""",,,,2024.0,,,
Latvia,"""100SaulesVikingi"" IK",,,,2023.0,,,
Latvia,"""108 IZAUGSMES"" SIA",,,,2020.0,,,
Latvia,"""108"" SIA",,,,2010.0,,,
Latvia,"""109 NOVADI.LV""",,,,2010.0,,,
Latvia,"""10it risinājumi""",,,,2018.0,,,
Latvia,"""11. NOVEMBRIS""",,,,2021.0,,,
Latvia,"""112"" SIA",,,,2006.0,,,
Latvia,"""115 Kaimiņi""",,,,2010.0,,,
Latvia,"""12 Kalnieši""",,,,2011.0,,,
Latvia,"""12 krasti""",,,,2008.0,,,
Latvia,"""12.māja""",,,,2017.0,,,
Latvia,"""1234.LV""",,,,2008.0,,,
Latvia,"""13 Palmu nams""",,,,2020.0,,,
Latvia,"""13 rajons""",,,,2012.0,,,
Latvia,"""13. janvāris""",,,,2010.0,,,
Latvia,"""13.promociju padome-mehi""",,,,2006.0,,,
Luxembourg,"""CMG BRAZIL"" S.à r.l., SPF",,,,2013.0,,,
Luxembourg,"""LANDSIS GEIE"" / Land Statistical Information Systems GEIE",,,,1998.0,,,
Luxembourg,"""LIEWENsBÜHN - Konscht a Bildung"" a.s.b.l.",,,,2009.0,,,
Luxembourg,"""Starfish S.à.r.l.""",,,,2018.0,,,
Luxembourg,#BeHuman Luxembourg A.s.b.l.,,,,2015.0,,,
Luxembourg,#Luxusbuerg a.s.b.l.,,,,2006.0,,,
Luxembourg,#play14 A.s.b.l.,,,,2017.0,,,
Luxembourg,&coll SARL,,,,2009.0,,,
Luxembourg,"(Association des) Ancien(ne)s et Ami(e)s du LTMA, a.s.b.l.",,,,2013.0,,,
Luxembourg,(DS)2 S.A.,,,,1992.0,,,
Luxembourg,(ES)² GROUP S.A.,,,,2013.0,,,
Luxembourg,(ITAF) ITALIANA TURISMI AGRICOLI FABER S.A.,,,,1999.0,,,
Luxembourg,(f)Utile,,,,2018.0,,,
Luxembourg,+ Impakt Luxembourg S.à r.l.,,,,2015.0,,,
Luxembourg,...Tastiks asbl,,,,2016.0,,,
Luxembourg,001 invest WORLD OPPORTUNITIES FUND,,,,2000.0,,,
Luxembourg,01 Invest s.à r.l.,,,,2011.0,,,
Luxembourg,01 PLIROFORIKI INTERNATIONAL S.A.,,,,2001.0,,,
Luxembourg,02FEEL,,,,2007.0,,,
Luxembourg,03 L S.A.,,,,2014.0,,,
Luxembourg,037FIN S.à r.l.,,,,2014.0,,,
Luxembourg,04 IGOR.NANCE S.à r.l.,,,,2014.0,,,
Luxembourg,04 RETAIL S.À R.L,,,,2015.0,,,
Luxembourg,05 IGOR.NANCE S. à r.l.,,,,2015.0,,,
Luxembourg,05 RETAIL S.à R.L,,,,2015.0,,,
Luxembourg,06.06.2007 Investment,,,,2007.0,,,
Luxembourg,0606 Investments S.à r.l.,,,,2016.0,,,
Luxembourg,0800 NETSHOP S.A.,,,,2000.0,,,
Luxembourg,0875 International S.A.,,,,2014.0,,,
Luxembourg,09 Generation Sàrl,,,,2007.0,,,
Luxembourg,1 2 3 CONCEPT S. à r.l.,,,,2006.0,,,
Luxembourg,1 2 3 LUXEMBOURG S.A.,,,,1996.0,,,
Luxembourg,1 Day International S.à r.l.,,,,2014.0,,,
Luxembourg,"1 Hotels & Residences Global Licensing (Lux), SARL",,,,2007.0,,,
Luxembourg,1 Leadenhall Investments S.à r.l.,,,,2017.0,,,
Luxembourg,1 Mabledon Place S.à r.l.,,,,2015.0,,,
Luxembourg,1 Madison Properties (Luxembourg) S.à r.l.,,,,2015.0,,,
Luxembourg,1 TRADE S.à r.l.,,,,2001.0,,,
Luxembourg,1 VISION S.à r.l.,,,,2010.0,,,
Luxembourg,1'NSPIRATIONS SA,,,,2016.0,,,
Luxembourg,"1, 2, 3, Sourire S.à r.l.",,,,2008.0,,,
Luxembourg,"1, Inc. Lux S.A.",,,,2014.0,,,
Luxembourg,"1,2,3 SOLEIL LUXEMBOURG asbl",,,,2009.0,,,
Luxembourg,1-2-3 LASS,,,,1995.0,,,
Luxembourg,1-DAYS S.à.r.l.,,,,2009.0,,,
Luxembourg,1. Europäischer Sportclub,,,,2006.0,,,
Luxembourg,1. SIF-SCS,,,,2015.0,,,
Luxembourg,1. Sicav,,,,2003.0,,,
Luxembourg,1.ARC-LUX,,,,2012.0,,,
Luxembourg,"1.FC Gruefwiss Leideleng, a.s.b.l.",,,,2008.0,,,
Malta,"""BE-IT"" LIMITED",MSIDA,,,2009.0,,,
Malta,"""DE EIK"" B.V.",TARXIEN,,,2016.0,,,
Malta,"""TA GNIEDI"" PROPERTY LTD",ST. PAUL'S BAY,,,2004.0,,,
Malta,"""WALTER VOLL"" LTD",ZURRIEQ,,,2011.0,,,
Malta,''CONFIC'' LTD.,MELLIEHA,,,2011.0,,,
Malta,'EDUARD MELIX' EXCLUSIVE JEWELRY LIMITED,,,,2005.0,,,
Malta,(GIBRALTAR) TRUSTEES LIMITED,ZEBBUG,,,2016.0,,,
Malta,(MEI) Mediterranean Engineering Innovation Ltd.,XAGHRA (GOZO),,,2023.0,,,
Malta,(SIH) Star Invest Holdings Limited,ST. JULIANS,,,2013.0,,,
Malta,.KWG EMOTIONAL DESIGN LIMITED,MOSTA,,,,,,
Malta,004 INTERNATIONAL LIMITED,VALLETTA,,,2017.0,,,
Malta,005 ENTERTAINMENT LIMITED,SLIEMA,,,2006.0,,,
Malta,01AS FRENCH DESK LTD,VALLETTA,,,2021.0,,,
Malta,0208 INVESTMENTS LIMITED,BIRKIRKARA,,,2005.0,,,
Malta,0700 LTD,MOSTA,,,2013.0,,,
Malta,08 GROUP LIMITED,ZURRIEQ,,,2016.0,,,
Malta,093 FAST FERRY LEASING LIMITED,BIRKIRKARA,,,2020.0,,,
Malta,099LOTTO HOLDINGS LIMITED,FLORIANA,,,2018.0,,,
Malta,099LOTTO OPERATIONS LIMITED,FLORIANA,,,2018.0,,,
Malta,0TO1 INNOVATIONS LTD,BIRKIRKARA,,,2018.0,,,
Malta,1 BOX OFFICE LIMITED,ST. JULIANS,,,2019.0,,,
Malta,1 LEVER LTD,SLIEMA,,,2014.0,,,
Malta,1 MEDIA PROCESSING LIMITED,SLIEMA,,,2014.0,,,
Malta,1 SHIPPING AND CRUISES LTD,BIRKIRKARA,,,2013.0,,,
Malta,1 STEP AHEAD GROUP LTD,TA' XBIEX,,,2012.0,,,
Malta,1 Stop Property Services Ltd,NAXXAR,,,2004.0,,,
Malta,10 Management Investments Ltd.,NAXXAR,,,2023.0,,,
Malta,10 Management Limited,NAXXAR,,,2018.0,,,
Malta,10 Q 21 CORPORATION LIMITED,SLIEMA,,,2020.0,,,
Malta,10/10 BILLING LIMITED,VALLETTA,,,2012.0,,,
Malta,100 THE WHITEHOUSE LTD,RABAT,,,2019.0,,,
Malta,1002 LIMITED,VALLETTA,,,2008.0,,,
Malta,100BITES LIMITED,VALLETTA,,,2015.0,,,
Malta,101 INVESTMENTS (MALTA) LIMITED,VALLETTA,,,2020.0,,,
Malta,101 INVESTMENTS HOLDING (MALTA) LIMITED,VALLETTA,,,2020.0,,,
Malta,101 INVESTMENTS LIMITED,,,,,,,
Malta,1011 HOLDINGS LIMITED,MOSTA,,,2020.0,,,
Malta,102 CONVENIENCE LIMITED,DINGLI,,,2019.0,,,
Malta,107 HOLDINGS COMPANY LIMITED,BIRKIRKARA,,,2020.0,,,
Malta,107 MANAGEMENT COMPANY LIMITED,BIRKIRKARA,,,2020.0,,,
Malta,10K60 TECHNOLOGY LIMITED,SLIEMA,,,2023.0,,,
Malta,10TH MAN PICTURES LIMITED,FLORIANA,,,2022.0,,,
Malta,11 SKY LIMITED,ST. JULIANS,,,2020.0,,,
Malta,11.11. HOLDINGS (MALTA) LIMITED,VALLETTA,,,2011.0,,,
Malta,111 Consulting Limited,GHARGHUR,,,2019.0,,,
Malta,111 LIMITED,TA' XBIEX,,,2004.0,,,
Malta,111 PLUS LIMITED,TA' XBIEX,,,2018.0,,,
Malta,111 TECHNOLOGY LIMITED,TA' XBIEX,,,2006.0,,,
Malta,114 THE STRAND COMPANY LIMITED,BIRKIRKARA,,,,,,
Malta,11433 SOLUTIONS HOLDINGS LTD,SLIEMA,,,2017.0,,,
Netherlands, Bien Buro Installatie en Netwerken B.V.,Maassluis,,,,,,
Netherlands, KIJK coaching,Haren Gn,,,,,,
Netherlands, Manna,Geulle,,,,,,
Netherlands, Mooi-Handgemaakt ,Purmerend,,,,,,
Netherlands,Bewust sociaal op web,Utrecht,,,,,,
Netherlands,Dea training en coaching,Dordrecht,,,,,,
Netherlands,Direct Incassobureau B.V.,Utrecht,,,,,,
Netherlands,DuSucre B.V.,,,,,,,
Netherlands,EIK CONSULTANCY,DELFT,,,,,,
Netherlands,Fuzz,Valkenburg,,,,,,
Netherlands,Heller B.V.,,,,,,,
Netherlands,Houdoe,Etten-Leur,,,,,,
Netherlands,M Infra Management B.V.,,,,,,,
Netherlands,Make,Stroe,,,,,,
Netherlands,Mercure Advies,Rotterdam,,,,,,
Netherlands,Mira Marketing,Hilversum,,,,,,
Netherlands,Pet panden B.V.,Hoogeveen,,,,,,
Netherlands,RDB Timmerwerken,Amsterdam,,,,,,
Netherlands,STRAAL stralend sterk,Spierdijk,,,,,,
Netherlands,Sotto,Sint-Michielsgestel,,,,,,
Netherlands,Strictly B.V.,'s-Gravenhage,,,,,,
Netherlands,T-Sounds,Borne,,,,,,
Netherlands,WOW,Enschede,,,,,,
Netherlands,compu-Ask,Nieuwerkerk ad IJssel,,,,,,
Netherlands,d;samen,Almere,,,,,,
Netherlands,ets Anders,Winssen,,,,,,
Netherlands,fk,Maasland,,,,,,
Netherlands,lse B.V.,,,,,,,
Netherlands,lse Marketing & Communicatie,Amersfoort,,,,,,
Netherlands,magine,Barendrecht,,,,,,
Netherlands,mpact,Heino,,,,,,
Netherlands,mpuls B.V.,,,,,,,
Netherlands,newTingeling,Amsterdam,,,,,,
Netherlands,ngGenious,Hellevoetsluis,,,,,,
Netherlands,ntegratio (Integratio),Voorburg,,,,,,
Netherlands,pet boekhandel B.V.,Hoogeveen,,,,,,
Netherlands,pet consultancy B.V.,Hoogeveen,,,,,,
Netherlands,pet groningen B.V.,Hoogeveen,,,,,,
Netherlands,pet handel B.V.,Hoogeveen,,,,,,
Netherlands,pet librarius B.V.,Hoogeveen,,,,,,
Netherlands,pet projectinrichters B.V.,Hoogeveen,,,,,,
Netherlands,pet uitgeverij B.V.,Hoogeveen,,,,,,
Netherlands,pet visuele communicatie B.V.,Hoogeveen,,,,,,
Netherlands,qms Nederland B.V.,Arnhem,,,,,,
Netherlands,ssyDesign,Zwijndrecht,,,,,,
Netherlands,xxie haar,Elst,,,,,,
Netherlands,zest B.V.,Amsterdam,,,,,,
Netherlands,"""HET REMBRANDTTERRAS""",AMSTERDAM,,,,,,
Netherlands,"""MIPS AUTOMATISERING""",AMSTERDAM ZUIDOOST,,,,,,
Netherlands,"""Muziekvereniging Eensgezindheid""",Tjerkwerd,,,,,,
Poland, ZAKŁAD POGRZEBOWY STYKS I. M. WOJTUŚ SPÓŁKA JAWNA,,,,2009.0,,,
Poland,BUZZPR SPÓŁKA Z OGRANICZONĄ ODPOWIEDZIALNOŚCIĄ,,,,2008.0,,,
Poland,GAŁECKI SPÓŁKA Z OGRANICZONĄ ODPOWIEDZIALNOŚCIĄ,,,,2011.0,,,
Poland,""" 4 PORY ROKU"" SPÓŁKA Z OGRANICZONĄ ODPOWIEDZIALNOŚCIĄ",,,,2002.0,,,
Poland,""" ABM - INVEST "" - USŁUGI ARCHITEKTONICZNO - BUDOWLANE JANISZEWSKI & SPÓŁKA. SPÓŁKA JAWNA.",,,,2003.0,,,
Poland,""" AF SEKO SPÓŁKA Z OGRANICZONĄ ODPOWIEDZIALNOŚCIĄ """,,,,2001.0,,,
Poland,""" AGRO-GUMIEŃCE "" SPÓŁKA Z OGRANICZONĄ ODPOWIEDZIALNOŚCIĄ",,,,2002.0,,,
Poland,""" ALBRECHT POLSKA "" SPÓŁKA Z OGRANICZONĄ ODPOWIEDZIALNOŚCIĄ W LIKWIDACJI",,,,2001.0,,,
Poland,""" ALTA INTERNATIONAL IMPORT-EXPORT "" SPÓŁKA Z OGRANICZONĄ ODPOWIEDZIALNOŚCIĄ",,,,2004.0,,,
Poland,""" ALUZARO "" SPÓŁKA Z OGRANICZONĄ ODPOWIEDZIALNOŚCIĄ",,,,2003.0,,,
Poland,""" ANIMARPOZ "" SPÓŁKA AKCYJNA",,,,2001.0,,,
Poland,""" ART OF LINE MODE DESIGN SPÓŁKA Z OGRANICZONĄ ODPOWIEDZIALNOŚCIĄ """,,,,2004.0,,,
Poland,""" ART-CER "" SPÓŁKA Z OGRANICZONĄ ODPOWIEDZIALNOŚCIĄ W LIKWIDACJI",,,,2002.0,,,
Poland,""" B&J EXPO-BAU "" SPÓŁKA Z OGRANICZONĄ ODPOWIEDZIALNOŚCIĄ",,,,2001.0,,,
Poland,""" BAG GROUP "" SPÓŁKA Z OGRANICZONĄ ODPOWIEDZIALNOŚCIĄ",,,,2001.0,,,
Poland,""" BAVECK POLEN ""  SPÓŁKA Z OGRANICZONĄ ODPOWIEDZIALNOŚCIĄ",,,,2001.0,,,
Poland,""" BE TRADING COMPANY"" SPÓŁKA Z OGRANICZONĄ ODPOWIEDZIALNOŚCIĄ W LIKWIDACJI",,,,2002.0,,,
Poland,""" C & M CENTROMED"" SPÓŁKA JAWNA",,,,2007.0,,,
Poland,""" COS TRADE ""-SPÓŁKA Z OGRANICZONĄ ODPOWIEDZIALNOŚCIĄ",,,,2005.0,,,
Poland,""" DAM- ROB"" SPÓŁKA Z OGRANICZONĄ ODPOWIEDZIALNOŚCIĄ",,,,2001.0,,,
Poland,""" DAN - EL "" TOWAROWY TRANSPORT SAMOCHODOWY SŁAWOMIR I ELŻBIETA DOMAŃSCY",,,,2001.0,,,
Poland,""" DEPO "" SPÓŁKA Z OGRANICZONĄ ODPOWIEDZIALNOŚCIĄ "" W LIKWIDACJI """,,,,2001.0,,,
Poland,""" DOM WYDAWNICZY MEDIAL SPÓŁKA Z OGRANICZONĄ ODPOWIEDZIALNOŚCIĄ""",,,,2001.0,,,
Poland,""" DOMEX"" CHMIELEWSCY I SYN SPÓŁKA JAWNA",,,,2002.0,,,
Poland,""" DR ZDROWIE "" SPÓŁKA AKCYJNA",,,,2001.0,,,
Poland,""" EDMARK "" EDYTA STYPUŁKOWSKA I MAREK STYPUŁKOWSKI SPÓŁKA JAWNA",,,,2001.0,,,
Poland,""" EDMASZ "" EDWARD NOWACKI SPÓŁKA JAWNA",,,,2001.0,,,
Poland,""" ELCO -EXIM "" J.KALISZUK I L.STANISZ SPÓŁKA JAWNA",,,,2001.0,,,
Poland,""" ELFA POLSKA"" SPÓŁKA Z OGRANICZONA ODPOWIEDZIALNOŚCIĄ W LIKWIDACJI",,,,2002.0,,,
Poland,""" ELPE "" PRZEDSIĘBIORSTWO PRODUKCYJNO - HANDLOWESPÓŁKA Z OGRANICZONĄ ODPOWIEDZIALNOŚCIĄ",,,,2001.0,,,
Poland,""" EUROWIN "" SPÓŁKA Z OGRANICZONĄ ODPOWIEDZIALNOŚCIĄ",,,,2001.0,,,
Poland,""" FARMEX A "" SPÓŁKA Z OGRANICZONĄ ODPOWIEDZIALNOŚCIĄ",,,,2001.0,,,
Poland,""" FENIKS "" WIELOBRANŻOWA SPÓŁDZIELNIA SOCJALNA",,,,2005.0,,,
Poland,""" FILM PRODUKCJA"" SPÓŁKA Z OGRANICZONĄ ODPOWIEDZIALNOŚCIĄ",,,,2007.0,,,
Poland,""" FISKUS - M. ZAJKOWSKA"" SPÓŁKA Z OGRANICZONĄ ODPOWIEDZIALNOŚCIĄ",,,,2002.0,,,
Poland,""" FITBO "" SPÓŁKA Z OGRANICZONĄ ODPOWIEDZIALNOŚCIĄ",,,,2001.0,,,
Poland,""" FUNDACJA CHCĘ ŻYĆ GODNIE""",,,,2008.0,,,
Poland,""" GASTRONOM - MIKUŁA "" SPÓŁKA JAWNA",,,,2002.0,,,
Poland,""" GMINNE PRZEDSIĘBIORSTWO GOSPODARKI KOMUNALNEJ "" SPÓŁKA Z OGRANICZONĄ ODPOWIEDZIALNOŚCIĄ",,,,2011.0,,,
Poland,""" GOURMET FOODS"" SPÓŁKA Z OGRANICZONĄ ODPOWIEDZIALNOŚCIĄ",,,,2001.0,,,
Poland,""" GRANIT - EX""- SPÓŁKA Z OGRANICZONĄ ODPOWIEDZIALNOŚCIĄ",,,,2004.0,,,
Poland,""" HYDROBUD "" SPÓŁKA Z OGRANICZONĄ ODPOWIEDZIALNOŚCIĄ",,,,2001.0,,,
Poland,""" INTECH"" A.A. KRAMARCZYK SPÓŁKA JAWNA AGENCJA TECHNICZNO- HANDLOWA",,,,2001.0,,,
Poland,""" INTER - KARP KRZYSZTOF KARPOWICZ "" SPÓŁKA JAWNA",,,,2003.0,,,
Poland,""" INTER-VITA "" SPÓŁKA Z OGRANICZONĄ ODPOWIEDZIALNOŚCIĄ",,,,2001.0,,,
Poland,""" INVEST-CONSULT"" SPÓŁKA Z OGRANICZONĄ ODPOWIEDZIALNOŚCIĄ",,,,2001.0,,,
Poland,""" JAROSZ CONVERTERS"" SPÓŁKA Z OGRANICZONĄ ODPOWIEDZIALNOŚCIĄ",,,,2001.0,,,
Poland,""" KBH INVESTMENT"" SPÓŁKA Z OGRANICZONĄ ODPOWIEDZIALNOŚCIĄ",,,,2007.0,,,
Poland,""" LANWAR COSMETICS "" SPÓŁKA Z OGRANICZONĄ ODPOWIEDZIALNOŚCIĄ",,,,2003.0,,,
Poland,""" LEM PROJEKT"" SPÓŁKA Z OGRANICZONĄ ODPOWIEDZIALNOŚCIĄ",,,,2001.0,,,
Romania,""" CARDIOFORCE "" SRL",Bucureşti Sectorul 4,,,,,,
Romania,""" INOVAŢIE"" CENTRUL DE CONSULTAŢII ÎN AFACERI CU UCRAINA SRL",Sat Răteşti,,,,,,
Romania,""" LA TASSE "" IMPEX SRL",Bucureşti Sectorul 2,,,,,,
Romania,""" REX "" SRL COCORA IALOMITA SUCURSALA BUCURESTI",Bucureşti Sectorul 2,,,,,,
Romania,""" SmArt Tree "" Grup SRL",Sat Săftica,,,,,,
Romania,""" TEOCONF "" SRL",Bucureşti Sectorul 2,,,,,,
Romania,""" VIN LA SORIN "" SRL",Sat Gugeşti,,,,,,
Romania,""" Y A M "" INTERNATIONAL FREIGHT & SHIPPING SRL",Bucureşti Sectorul 3,,,,,,
Romania,"""1"" EXPERT ""T"" SRL",Municipiul Sibiu,,,,,,
Romania,"""3 C SOFT"" SRL",Municipiul Sfântu Gheorghe,,,,,,
Romania,"""3M INWEST"" SRL",Municipiul Sfântu Gheorghe,,,,,,
Romania,"""3U"" EVAL CONSULTANTA SRL",Bucureşti Sectorul 3,,,,,,
Romania,"""4"" YOU PREST SERV SRL",Bucureşti Sectorul 3,,,,,,
Romania,"""4Q"" SRL",Municipiul Sfântu Gheorghe,,,,,,
Romania,"""A & J EXPERT SERVICE"" SRL",Municipiul Sfântu Gheorghe,,,,,,
Romania,"""A M C"" SRL",Sat Hăghig,,,,,,
Romania,"""A.I.R."" EXPERTIZA CONTABILA SI AUDIT FINANCIAR SRL",Bucureşti Sectorul 2,,,,,,
Romania,"""A.T.C. INVEST"" SRL IASI FILIALA JUDETEANA COVASNA",Sat Băţanii Mari,,,,,,
Romania,"""ABB AG MANNHEIM GERMANIA""-SUCURSALA SIBIU",Municipiul Sibiu,,,,,,
Romania,"""ACNORD""-P SRL",Sat Sânmartin,,,,,,
Romania,"""AD-JEMS IMP-EXP"" SRL",Municipiul Sfântu Gheorghe,,,,,,
Romania,"""ADINA"" SRL",Sat Barcani,,,,,,
Romania,"""ADPM"" GARDAN SRL",Bucureşti Sectorul 3,,,,,,
Romania,"""ADRIANIS TRANS COMPANY"" SRL",Loc. Întorsura Buzăului,,,,,,
Romania,"""AETNA"" IMPORT EXPORT SRL",Municipiul Sfântu Gheorghe,,,,,,
Romania,"""AFRODITA"" FRUMUSETE DE LA A LA Z SRL",Bucureşti Sectorul 4,,,,,,
Romania,"""AGENTIA DE CONSULTANTA AXA V"" SRL",Bucureşti Sectorul 6,,,,,,
Romania,"""AGORA"" SRL",Municipiul Sfântu Gheorghe,,,,,,
Romania,"""AGRICULTORUL"" COOPERATIVA DE CREDIT VINGA",Comuna Vinga,,,,,,
Romania,"""AGRO-KOB"" SRL",Municipiul Sfântu Gheorghe,,,,,,
Romania,"""AGROCHEM"" SRL",Municipiul Sfântu Gheorghe,,,,,,
Romania,"""AGROFARM"" SRL",Municipiul Sfântu Gheorghe,,,,,,
Romania,"""AGROMAG"" SRL",Ghidfalău,,,,,,
Romania,"""AIKO GROUP"" SRL",Loc. Întorsura Buzăului,,,,,,
Romania,"""ALBA CA ZAPADA"" SRL",Sat Comandău,,,,,,
Romania,"""ALBIA"" SRL",Baraolt,,,,,,
Romania,"""ALBINA"" COOPERATIVA DE CREDIT CURTICI",Loc. Curtici,,,,,,
Romania,"""ALCO"" SA",Municipiul Târgu Secuiesc,,,,,,
Romania,"""ALEF DORI"" SRL",Loc. Întorsura Buzăului,,,,,,
Romania,"""ALEF"" SRL",Municipiul Sfântu Gheorghe,,,,,,
Romania,"""ALEN COMP"" SRL",Sfântu Gheorghe,,,,,,
Romania,"""ALESANALP"" SRL",Municipiul Sfântu Gheorghe,,,,,,
Romania,"""ALEX & SON TRANSP."" SRL",Municipiul Sfântu Gheorghe,,,,,,
Romania,"""ALEXANDRU SAVU"" ASOCIATIE FAMILIALA",Sat Sita Buzăului,,,,,,
Romania,"""ALFAGLOB PRODCOM"" SRL",Municipiul Târgu Secuiesc,,,,,,
Romania,"""ALFORT"" SRL",Loc. Covasna,,,,,,
Romania,"""ALIANTA"" COOPERATIVA DE CREDIT VIZIRU",Sat Viziru,,,,,,
Romania,"""ALIMENTARA BAROTHI-CO"" SRL",Municipiul Târgu Secuiesc,,,,,,
Romania,"""ALIMENTATIE PUBLICA BANDI-BAR"" SRL",Sat Valea Seacă,,,,,,
Romania,"""ALIMENTATIE PUBLICA BRADUL"" SRL",Sat Comandău,,,,,,
Slovakia,"BOOOM, s.r.o.",,,,2006.0,,,
Slovakia,""" 3 ANGELS """,,,,1991.0,,,
Slovakia,""" 3 F "" - Forma, Funkčnosť, Fantázia, spol. s r.o.",,,,1991.0,,,
Slovakia,""" A L T U N "", v.o.s.",,,,1993.0,,,
Slovakia,""" A N D R E Š I Č """,,,,1990.0,,,
Slovakia,""" A a J""",,,,1991.0,,,
Slovakia,""" A.G.S.K. spol. s r.o.""",,,,2002.0,,,
Slovakia,""" AGROVASTA spol. s r.o."" Sečovce",,,,1994.0,,,
Slovakia,""" AN """,,,,1991.0,,,
Slovakia,""" ANTONIO, s.r.o. v likvidácii""",,,,2006.0,,,
Slovakia,""" AVE - GINA """,,,,1991.0,,,
Slovakia,""" Ad oculus"" umelecká agentúra spol.s.r.o.",,,,1992.0,,,
Slovakia,""" Autodoprava Lednár """,,,,1991.0,,,
Slovakia,""" B E K A N""",,,,1991.0,,,
Slovakia,""" BAMEXIM """,,,,1991.0,,,
Slovakia,""" BARUN spol. s r. o. "" v likvidácii",,,,1991.0,,,
Slovakia,""" BD STARLIT, bytové družstvo """,,,,1998.0,,,
Slovakia,""" BOČKAY - FIGURA, spol. s r.o. "" v likvidácii",,,,1998.0,,,
Slovakia,""" BUDEKS "" s. r. o.",,,,2008.0,,,
Slovakia,""" BUMA - R "", s.r.o. v likvidácii",,,,2000.0,,,
Slovakia,""" CCL s.r.o. """,,,,2002.0,,,
Slovakia,""" CDC Foxeman """,,,,1990.0,,,
Slovakia,""" Copier """,,,,1990.0,,,
Slovakia,""" D E M O S I N T E R N A T I O N A L "" spol. s r.o.",,,,1991.0,,,
Slovakia,""" D E T O U R S """,,,,1991.0,,,
Slovakia,""" D.V. - ALGEKOMO, spol. s r.o. """,,,,1993.0,,,
Slovakia,""" DUECO, spol. s r.o. """,,,,1996.0,,,
Slovakia,""" DUNA - CONSULT , s.r.o.""",,,,2005.0,,,
Slovakia,""" Družstvo DAN"" v likvidácii",,,,1990.0,,,
Slovakia,""" Družstvo zavlažovateľov Podunajska "" - v likvidácii",,,,2001.0,,,
Slovakia,""" Dáni """,,,,1991.0,,,
Slovakia,""" E K O P R O G R E S "" - výrobné družstvo",,,,1990.0,,,
Slovakia,""" E S P O L """,,,,1990.0,,,
Slovakia,""" E S T A """,,,,1990.0,,,
Slovakia,""" EMO "" - Oldrich Synek",,,,1991.0,,,
Slovakia,""" EURO BIZNIS - Export import """,,,,1991.0,,,
Slovakia,""" EUROTECHNA spol. s r.o.""",,,,1994.0,,,
Slovakia,""" EVA """,,,,1991.0,,,
Slovakia,""" EVONA, spol.s r.o.""",,,,1991.0,,,
Slovakia,""" EXTRA """,,,,1990.0,,,
Slovakia,""" Eli-tech"" Eliaš František",,,,1991.0,,,
Slovakia,""" F e k e t e """,,,,1991.0,,,
Slovakia,""" F.I.M. spol. s r.o.""",,,,1991.0,,,
Slovakia,""" FERRWOOD spol.s r.o."" v likvidácii",,,,1991.0,,,
Slovakia,""" FOTINA - Slovakia "" spol. s r.o.",,,,1995.0,,,
Slovakia,""" Federmayer - BREAG """,,,,1990.0,,,
Slovakia,""" GALIMPEX - S, s.r.o """,,,,1993.0,,,
Slovakia,""" GRIMPLINI - stavebné práce s.r.o."" Košice",,,,1995.0,,,
Slovakia,""" GROSYMA spol. s r. o. """,,,,1991.0,,,
Slovakia,""" GS TEAM v.o.s. "" v likvidácii",,,,1994.0,,,
Slovenia,"""A. MENARINI DIAGNOSTICS S.R.L., PODRUŽNICA, PRODAJA MEDICINSKIH PRIPOMOČKOV IN ZDRAVIL NA DEBELO""",,,,,,,
Slovenia,"""AKTIV"" EMIRA, GRADBENIŠTVO IN STORITVE, D.O.O.",,,,,,,
Slovenia,"""AKVASPORT"" DRUŠTVO SA OGRANIČENOM ODGOVORNOŠĆU GRADAČAC, PODRUŽNICA KORTINE",,,,,,,
Slovenia,"""ASCENDANT DRUŠTVO S OGRANIČENOM ODGOVORNOŠĆU ZA SAVJETOVANJE"", PODRUŽNICA LJUBLJANA",,,,,,,
Slovenia,"""ASSER-KOMERS""EOOD - PODRUŽNICA V SLOVENIJI",,,,,,,
Slovenia,"""B-TOURS"" DRUŠTVO ZA PROIZVODNJU PROMET ROBE I USLUGA D.O.O. KISELJAK",,,,,,,
Slovenia,"""BLUE&BERRY, INŠTITUT ZA BOROVNICE IN JAGODIČEVJE""",,,,,,,
Slovenia,"""CENTROTRANS-EUROLINES"" D.O.O. LJUBLJANA, DRUŽBA ZA PREVOZ, TURIZEM, TRGOVINO IN SVETOVANJE",,,,,,,
Slovenia,"""CHARTER - JADRALNI KLUB CELJE""",,,,,,,
Slovenia,"""COOPERATIVA DI SOLIDARIETA´ LAUTARI"", PODRUŽNICA KOPER",,,,,,,
Slovenia,"""DE-AN"" D.O.O. ZA PROMET ROBA I USLUGA BAR",,,,,,,
Slovenia,"""DOBRINE IZ BELE KRAJINE"", ZADRUGA ZA PRIDELAVO HRANE IN RAZVOJ PODEŽELJA, Z.O.O.- V LIKVIDACIJI",,,,,,,
Slovenia,"""DOLOMITI COMMERCE"" TRGOVSKO PODJETJE, D.O.O.",,,,,,,
Slovenia,"""DRUŠTVO ZA RAZVOJ DRUŽABNE IN GLASBENE SCENE - KLUB AM*PM""",,,,,,,
Slovenia,"""DUZD"" M.Z. PODJETJE ZA DOSTAVO, USLUGE, ZASTOPSTVA, TRGOVINO IN TRANSPORT, D.O.O.",,,,,,,
Slovenia,"""DUŠAN KUKANJA"", DRUŽBA ZA EKOLOŠKO KMETOVANJE, K.D.",,,,,,,
Slovenia,"""FRIGO-MONT"" RASHLADNA I KLIMA TEHNIKA, IVICA CANJUGA",,,,,,,
Slovenia,"""G.S.A. ALPE ADRIA"", STORITVE, D.O.O.",,,,,,,
Slovenia,"""GITANO-M"" ROMSKO DRUŠTVO GOMILICA",,,,,,,
Slovenia,"""IBA"" GOSPODARSKO INTERESNO ZDRUŽENJE ZA MEDNARODNO POSLOVANJE - V LIKVIDACIJI",,,,,,,
Slovenia,"""IDEAL DESIGN"" DRUŠTVO SA OGRANIČENOM ODGOVORNOŠĆU, SREBRENICA, PODRUŽNICA NOVO MESTO",,,,,,,
Slovenia,"""INSTA MARKETING"" DRUŠTVO SA OGRANIČENOM ODGOVORNOŠĆU BUDVA",,,,,,,
Slovenia,"""INVALID"" DRUŠTVO GIBALNO OVIRANIH IN OSEB Z INVALIDNOSTJO KONOVO",,,,,,,
Slovenia,"""INVALID"" DRUŠTVO GIBALNO OVIRANIH IN OSEB Z INVALIDNOSTJO PODVELKA - BREZNO",,,,,,,
Slovenia,"""INVALID"" DRUŠTVO GIBALNO OVIRANIH IN OSEB Z INVALIDNOSTJO TEŠ ŠOŠTANJ",,,,,,,
Slovenia,"""INŠTITUT CIRPPO"", CENTER ZA IZOBRAŽEVANJE, RAZISKOVANJE, POUČEVANJE, PROIZVAJANJE IN OZAVEŠČANJE, Z",,,,,,,
Slovenia,"""KING ADVERTISEMENT - PODRUŽNICA INTERNATIONAL"" EOOD",,,,,,,
Slovenia,"""KLEMENT"", MONTAŽA GIPS PLOŠČ - PARKETA, D.O.O.",,,,,,,
Slovenia,"""KLUB EPI - STIL"" SLOVENSKO DRUŠTVO LJUDI Z EPILEPSIJO",,,,,,,
Slovenia,"""KOLESARSKI KLUB BTT"" ""KERÉKPÁROS KLUB BTT""",,,,,,,
Slovenia,"""KULTURNO IN TURISTIČNO DRUŠTVO GOSKA"" SATAHOVCI",,,,,,,
Slovenia,"""KULTURNO IZOBRAŽEVALNI CENTER NOTRANJSKE"" ZAVOD ZA KULTURO, VZGOJO, IZOBRAŽEVANJE IN INFORMIRANJE",,,,,,,
Slovenia,"""LIBRETO"" KNJIGARNA IN PAPIRNICA D.O.O.",,,,,,,
Slovenia,"""M.B. TRANSPORT"" D.O.O.",,,,,,,
Slovenia,"""MAI"", OBITELJSKO POLJUPRIVREDNO GOSPODARSTVO, PERICA ANĐELIĆ",,,,,,,
Slovenia,"""MALA MALČI"" - DRUŠTVO ZA DRUŽINSKO IN DOŽIVLJAJSKO VZGOJO",,,,,,,
Slovenia,"""METKO"", SERVIS LESNO OBDELOVALNIH STROJEV P.O.",,,,,,,
Slovenia,"""MISIJA *S"", DRUŠTVO ZA TRAJNOSTNI RAZVOJ POMURJA / EGYESÜLET A MURAVIDÉK FENNTARHATÓ FEJLŐDÉSÉÉRT",,,,,,,
Slovenia,"""MOST"" DRUŠTVO MLADIH ZA RAZVOJ POMURJA",,,,,,,
Slovenia,"""NACIONALNI OLIMPIJSKI INŠTITUT, ZAVOD ZA RAZVOJ ŠPORTA""",,,,,,,
Slovenia,"""NARAVOVARSTVENO DRUŠTVO ČUKOVA JAMA BOBOVEK""",,,,,,,
Slovenia,"""NEŽA"" DRUŠTVO ZA POMOČ OSEBAM Z OKVARO VIDA",,,,,,,
Slovenia,"""NFASS"" D.O.O. GRADIŠKA, VIDOVDANSKA BB, GRADIŠKA, GRADIŠČA , PODRUŽNICA BOVEC",,,,,,,
Slovenia,"""OBSCALE"" D.O.O.SREBRENIK",,,,,,,
Slovenia,"""ORHIDEJA "" ZAVOD ZA SPROSTITEV TELESA IN DUHA, SP. POLSKAVA-V LIKVIDACIJI",,,,,,,
Slovenia,"""OSTI JAREJ DRUŠTVO ZA OHRANJANJE ZDRAVJA IN VITALNOSTI""",,,,,,,
Slovenia,"""PETAR TURIST"" OBRT ZA PRIJEVOZ,",,,,,,,
Slovenia,"""POGLEJ"" DRUŠTVO ZA VSEŽIVLJENSKO POMOČ",,,,,,,
Slovenia,"""PREVOZ - TURIST"" D.O.O. ZA PROMET I TURISTIČKE USLUGE",,,,,,,
Slovenia,"""PRIMORCI IN ISTRANI V PREKMURJU, DRUŠTVO ZA OHRANJANJE TRADICIJE""",,,,,,,
Spain,& DANZA PRODUCCION Y MANAGEMENT DE ESPECTACULOS SL,,,,,,,
Spain,& GO PROCESOS SL,,,,,,,
Spain,& PARTNER EVENTS SL,,,,,,,
Spain,& SAMHOUD IBERIA SL,,,,,,,
Spain,& WHY NOT MENSAJE SL,,,,,,,
Spain,&COMUNICACION CONSULTORES EN COMUNICACION Y RELACIONES PUBLICAS SL,,,,,,,
Spain,&SAMHOUD ESPAÑA SL,,,,,,,
Spain,'MPORDA HOME SOCIEDAD LIMITADA EN LIQUIDACION,,,,,,,
Spain,(UN) COMMON SOUNDS AEIE,,,,,,,
Spain,- - - CONSTRUCCIONES VALLECOR SL,,,,,,,
Spain,---INTERNATIUM---COMPANY---SEEDS---SL---NO---VALE,,,,,,,
Spain,--WILD DRA-GON SPORT S.L.,,,,,,,
Spain,-ASTAPA S.A.- NO VALE,,,,,,,
Spain,-AUTOCARES LA MANZANA DE ADAN S.L. -NO VIGENTE,,,,,,,
Spain,-ROALCAO- SL -ANTIGUA,,,,,,,
Spain,.BAS LOGISTICS SL,,,,,,,
Spain,.RELEA MARCOS SL,,,,,,,
Spain,0 007 NUMERO SL,,,,,,,
Spain,0 1 KBYTE SL,,,,,,,
Spain,0 90 SL,,,,,,,
Spain,0 A 24 H MULTISERVICIOS GENERALES SL,,,,,,,
Spain,0 A 24 MULTISERVICIO SOCIEDAD LIMITADA,,,,,,,
Spain,0 A S H AGRUPACION SERVICIOS DEL HOGAR SL,,,,,,,
Spain,0 GRADOS & MERIDIAN SL,,,,,,,
Spain,0 INSTALACIONES ANGEL FERNANDEZ SL,,,,,,,
Spain,0'3 COMUNICACION SL,,,,,,,
Spain,0'95 BENISSA Y FAMILIA SL,,,,,,,
Spain,"0, 05 KM PRODUCCIONES SL",,,,,,,
Spain,"0, U.T.E. A LAMA",,,,,,,
Spain,"0,2 SOLUCIONES SL",,,,,,,
Spain,"0,5F ASISTENTES DE GESTION ON LINE SOCIEDAD LIMITADA",,,,,,,
Spain,0-24 HORAS TENEURGE SL,,,,,,,
Spain,00 ARQUITECTURA FINANZAS CONSTRUCCIONES Y MONTAJES SL,,,,,,,
Spain,00 ASISTENCIA ESPECIALIZADA DEL HOGAR SL,,,,,,,
Spain,00 REPARACIONES MADRID SL,,,,,,,
Spain,000 111 ACTIVA INSERTEC ESPAÑA SL,,,,,,,
Spain,000 ATLAS PRO REFORMAS Y MANTENIMIENTOS SL,,,,,,,
Spain,000 ESPAÑOL REALTI SL,,,,,,,
Spain,0000 CENTA SERVICIOS SL,,,,,,,
Spain,0002 VELPRO SL,,,,,,,
Spain,001 ALCANTARILLADOS Y LIMPIEZAS SL,,,,,,,
Spain,001 BAZAR BEIJING SL,,,,,,,
Spain,"001 TAPAS TAPAS GRAN CANARIA, SOCIEDAD LIMITADA",,,,,,,
Spain,001ACADEMIA DE FORMACION CONTINUA SL,,,,,,,
Spain,001TECH SL,,,,,,,
Spain,0024 HORAS ALBACETE SOCIEDAD LIMITADA,,,,,,,
Spain,"003 NEXO ARQUITECTURA, IDEACION, DISEÑO Y PLANIFICACION SLP",,,,,,,
Spain,004 DE TENERIFE SL,,,,,,,
Spain,005 AVENUE SL,,,,,,,
Spain,005 SL,,,,,,,
Sweden,""" Ekonomiska Föreningen Arrendatorn"", Lund",,,,,,,
Sweden,""" Ekonomiska Föreningen Endräkten""",,,,,,,
Sweden,""" Maxibox & Co """,,,,,,,
Sweden,"""Affären"" Hamnen Handelsbolag",,,,,,,
Sweden,"""Amir Temur"" Catering, ekonomisk förening",,,,,,,
Sweden,"""Anna Johannas"" slöjd & present Handelsbolag",,,,,,,
Sweden,"""Avant Utbildningskonsult Handelsbolag""",,,,,,,
Sweden,"""BOOM"" HANDELSBOLAG",,,,,,,
Sweden,"""Bostadsrättsföreningen Bilen""",,,,,,,
Sweden,"""Broby Turist"", ekonomisk förening",,,,,,,
Sweden,"""Butterfly"" Musikcafé o diskotek Kommanditbolag",,,,,,,
Sweden,"""Cold Stores"" i Eslöv Aktiebolag",,,,,,,
Sweden,"""Da Capo"" Restaurang Aktiebolag",,,,,,,
Sweden,"""De kommunanställdas semesterhemsförening i Göteborg"" utan personlig ansvarighet",,,,,,,
Sweden,"""EMTEK"" Handelsbolag",,,,,,,
Sweden,"""Emmis"" Kiosk & Micro Livs Handelsbolag",,,,,,,
Sweden,"""Faxe Kalkugn, filial till A/S Faxe Kalkbrud, Danmark""",,,,,,,
Sweden,"""Filial till"" Auto Care International AS, Norge",,,,,,,
Sweden,"""Föräldrakooperativet Polarna"", ekonomisk förening",,,,,,,
Sweden,"""Grillhörnan"" Kommanditbolag",,,,,,,
Sweden,"""HANDTAGET"" FRISKVÅRDSMASSAGE Handelsbolag",,,,,,,
Sweden,"""HASSES"" KLÄDMARKNAD HANDELSBOLAG",,,,,,,
Sweden,"""HUNDBODEN"" Handelsbolag",,,,,,,
Sweden,"""Hjuviks Sanitetsförening, Ekonomisk Förening""",,,,,,,
Sweden,"""Hovet"" Centrum Aktiebolag",,,,,,,
Sweden,"""HÄXANS HUS"" HANDELSBOLAG",,,,,,,
Sweden,"""Högt i tak ek för.""",,,,,,,
Sweden,"""I Ur och Skur - Snögubben"", Täby Ekonomisk förening",,,,,,,
Sweden,"""Iminna"" Diamant och Ädelstenssliperi, Sten Bergdahl & Co Handelsbolag",,,,,,,
Sweden,"""Kajsas Gästis"" Handelsbolag",,,,,,,
Sweden,"""Kanot-Olles"" Handelsbolag",,,,,,,
Sweden,"""Kioskis"" Vingåker Handelsbolag",,,,,,,
Sweden,"""Klipperian Handelsbolag""",,,,,,,
Sweden,"""Kusin Vitamin, ek för""",,,,,,,
Sweden,"""LUCULLUS"" Grill-Pizza-Kiosk Handelsbolag",,,,,,,
Sweden,"""Libbes Läder"" Evert o Eva Fransson Handelsbolag",,,,,,,
Sweden,"""Lilla Garnstugan Handelsbolag""",,,,,,,
Sweden,"""Lilla My"" Pizza Cemil Yildirim Handelsbolag",,,,,,,
Sweden,"""Låset"" Henriksson Aktiebolag",,,,,,,
Sweden,"""NOUVEAUX"" Aktiebolag",,,,,,,
Sweden,"""Ordförrådet"" Handelsbolag",,,,,,,
Sweden,"""Parfymeri Air"" Handelsbolag",,,,,,,
Sweden,"""Rally Harry"" Bil Aktiebolag",,,,,,,
Sweden,"""Rogers Mack"" Handelsbolag",,,,,,,
Sweden,"""Rossbols blandning ekonomisk förening""",,,,,,,
Sweden,"""STUDIO CALUFSEN"" HANDELSBOLAG",,,,,,,
Sweden,"""SWEDECAMION"" Handelsbolag",,,,,,,
Sweden,"""Sawa-Eema"" Handelsbolag",,,,,,,
Sweden,"""Skärkälls andelsförening ek.för.""",,,,,,,
Sweden,"""Sysslebäcks'Hemläkarverksamhet Handelsbolag""",,,,,,,
